,Klasse
"1,38421695448805E+018",2
"1,39792508371741E+018",2
"1,3918532546157E+018",2
"1,38395026440359E+018",2
"1,40075524641101E+018",2
"1,38844808568949E+018",2
"1,3842751275174E+018",1
"1,3871712242672E+018",1
"1,40006205106254E+018",0
"1,3892530644319E+018",1
"1,39075564401008E+018",0
"1,38529468782157E+018",1
"1,39582315060106E+018",2
"1,384177140288E+018",1
"1,38847231750071E+018",0
"1,39417890281844E+018",0
"1,3957346857294E+018",1
"1,39166922018693E+018",0
"1,38847703847503E+018",0
"1,39427048136951E+018",1
"1,40395562807117E+018",1
"1,40089905321134E+018",2
"1,39145081765217E+018",2
"1,39787655776771E+018",1
"1,39438814919592E+018",0
"1,38428019202622E+018",2
"1,38412915170405E+018",0
"1,38629161014142E+018",0
"1,3893475799856E+018",1
1.3932210244061921e+018,0
"1,39471822740253E+018",0
"1,40395453689359E+018",1
"1,38861127506055E+018",1
"1,40490986176327E+018",0
"1,38700326708382E+018",1
1.3840942993237279e+018,0
"1,40399172798013E+018",0
"1,39062022160661E+018",1
"1,40397672255559E+018",0
"1,38914298905072E+018",1
"1,3840513289351E+018",0
"1,39859421620955E+018",1
"1,38839221453182E+018",0
"1,38850441479794E+018",1
"1,40663456106107E+018",2
"1,39434923469097E+018",2
"1,38418864584691E+018",1
"1,40653641386099E+018",1
"1,38526147815297E+018",1
"1,3960034590785E+018",1
"1,3853523569053E+018",2
"1,38920590890384E+018",0
"1,38853654442064E+018",0
"1,39348823192108E+018",2
"1,388415928313E+018",0
"1,38736649517335E+018",0
"1,39692656758294E+018",2
"1,39499321152596E+018",0
"1,40400102356853E+018",2
"1,39418130639791E+018",1
"1,39179219758297E+018",0
"1,39687332203037E+018",1
"1,39061486911267E+018",1
"1,38859410170099E+018",0
"1,39863096222599E+018",1
"1,38777281661184E+018",2
"1,39908384498532E+018",2
"1,38690893274099E+018",1
"1,38743641678789E+018",2
"1,38693065908891E+018",2
"1,40302251178113E+018",1
"1,3842516595057E+018",1
"1,3910387330305E+018",0
"1,38947050131627E+018",0
"1,40161226809425E+018",0
"1,40658085823716E+018",0
"1,39575839288772E+018",1
"1,38886277342208E+018",0
"1,3885551095719E+018",1
"1,39692476189318E+018",1
"1,38408143433632E+018",1
"1,40401909843517E+018",0
"1,38779418523597E+018",1
"1,3885146961778E+018",0
"1,39072150313456E+018",1
"1,39317620635955E+018",2
"1,40412732180056E+018",0
"1,38417768444437E+018",0
"1,39324196810547E+018",2
"1,38693300390197E+018",1
"1,40553190011492E+018",0
"1,38911401864478E+018",1
"1,38855606266886E+018",1
"1,38950893807331E+018",1
"1,38848444105669E+018",0
"1,38512600872297E+018",2
"1,39163206828372E+018",1
"1,38716319648259E+018",0
"1,39297856188412E+018",1
"1,39221575200721E+018",0
"1,39167262810097E+018",1
"1,40228062544133E+018",0
"1,38446606547286E+018",0
"1,39897668576099E+018",0
"1,38810265998349E+018",1
"1,38532925903678E+018",1
"1,39604834152024E+018",1
"1,40395025594369E+018",0
"1,40397669940303E+018",0
"1,3892179285292E+018",1
"1,38533299370379E+018",1
"1,39348621178484E+018",1
1.3949365517177119e+018,2
"1,39167203132272E+018",1
"1,38962958600317E+018",0
"1,39190577839984E+018",1
"1,39174538842454E+018",1
"1,39567880686691E+018",1
"1,39694297892152E+018",0
"1,38910637237415E+018",2
"1,39176273751308E+018",1
"1,38553267832634E+018",0
"1,38645067187297E+018",2
"1,38700665806545E+018",1
"1,3884967045515E+018",1
"1,39079228374267E+018",1
"1,3891594189447E+018",1
"1,38924912473895E+018",1
"1,39078793922808E+018",1
"1,40396820894045E+018",0
"1,39424694246979E+018",1
"1,38911671537259E+018",1
"1,3851766530731E+018",1
"1,39874752917352E+018",2
"1,40400648711925E+018",0
"1,40505321712643E+018",0
"1,39241308530303E+018",1
"1,40419809932149E+018",0
"1,39125799059502E+018",0
"1,38635563268146E+018",0
"1,38732946144462E+018",1
"1,39179598651586E+018",0
"1,3851910531673E+018",1
"1,4065393412965E+018",0
"1,38957770443398E+018",1
"1,38952866767662E+018",2
"1,38630356852575E+018",2
"1,39164146590285E+018",0
"1,4014972253315E+018",1
"1,40147874867592E+018",1
"1,38966972805927E+018",1
"1,39172802009702E+018",1
"1,39510342319284E+018",2
"1,39715621339418E+018",0
"1,39797863527391E+018",1
"1,3875076319302E+018",1
"1,40397140938733E+018",1
"1,38734263480981E+018",2
"1,39343602016792E+018",1
"1,39757953520657E+018",2
"1,40290388023772E+018",0
"1,40520587577046E+018",0
"1,38537511041733E+018",0
"1,40654425552767E+018",1
"1,39488968022371E+018",1
"1,40592584979538E+018",1
"1,39800735440739E+018",1
"1,40656229107261E+018",0
"1,38745431049841E+018",0
"1,39915098934157E+018",2
"1,38449999448134E+018",0
"1,38746498597936E+018",1
"1,38414850591304E+018",0
"1,39861183089384E+018",0
"1,40328578413698E+018",1
"1,4065581621704E+018",1
"1,40656480802408E+018",1
"1,38548333719688E+018",0
"1,39289147719853E+018",1
"1,38699202725935E+018",1
"1,38856542774855E+018",1
"1,38512046009497E+018",1
"1,39061806923241E+018",1
"1,39859324737985E+018",2
"1,38931910801818E+018",1
"1,40516330119411E+018",0
"1,39173495485019E+018",0
"1,39188967719241E+018",1
"1,38522858812812E+018",1
"1,39292203370149E+018",1
"1,38738762526331E+018",1
"1,38596807708768E+018",1
"1,38422215093712E+018",0
"1,38510077000206E+018",1
"1,38525919376719E+018",1
"1,38913862387488E+018",1
"1,40399373505946E+018",1
"1,39466700853754E+018",1
"1,39927052771423E+018",0
"1,39345808162805E+018",2
"1,38837023114862E+018",0
"1,3891861401886E+018",1
"1,39569251166711E+018",2
"1,38524646951133E+018",1
1.4009408036445921e+018,1
"1,39285689002403E+018",0
"1,40399966343963E+018",0
"1,39249502654289E+018",1
"1,38509547218078E+018",1
"1,39169458346205E+018",1
"1,39870694947106E+018",2
"1,38916035950907E+018",2
"1,39053578142979E+018",1
"1,39435110571536E+018",1
"1,39055937510282E+018",2
"1,38860276475911E+018",2
"1,38934477422686E+018",0
"1,39497585683825E+018",0
"1,39169465441289E+018",1
"1,38732985856551E+018",1
"1,38529130441908E+018",1
"1,39167646314182E+018",0
"1,39453939439727E+018",2
"1,39399274209989E+018",1
"1,39055394452349E+018",0
"1,39165491703987E+018",0
"1,40093673856298E+018",1
"1,39279741779642E+018",2
"1,3853469038907E+018",1
"1,38653005885729E+018",2
"1,3939554227223E+018",1
"1,39434494660233E+018",0
"1,38517046622724E+018",1
"1,40489047859683E+018",2
1.3844594559081759e+018,0
"1,3978403973936E+018",0
"1,3922453731467E+018",1
"1,38530916703288E+018",1
"1,38928995729091E+018",1
"1,40653745167447E+018",2
"1,39293734769671E+018",1
"1,40659184636993E+018",2
"1,40421159718327E+018",2
"1,40087382282438E+018",1
"1,39290160373735E+018",2
"1,40373082150949E+018",0
"1,40519201269398E+018",0
"1,38971848595414E+018",0
"1,40385674040021E+018",1
"1,39070942810669E+018",0
1.3935863864024801e+018,0
"1,39367243631546E+018",1
"1,39396964508708E+018",1
"1,39063950226426E+018",0
"1,39312556659798E+018",1
"1,398637152574E+018",2
"1,3907696636893E+018",1
"1,40392580747142E+018",0
"1,39054920023301E+018",1
"1,40491713393972E+018",0
"1,39179898760748E+018",0
"1,39095556014986E+018",0
"1,40398935058147E+018",0
"1,39400032914294E+018",0
"1,39792345548017E+018",0
"1,39058409143999E+018",0
"1,40658311084689E+018",1
"1,38965061327802E+018",1
"1,38852017282323E+018",1
"1,38956893824638E+018",1
"1,38553226635766E+018",1
"1,40580679117543E+018",0
"1,40129844308418E+018",0
"1,38537082807908E+018",1
"1,38532634698604E+018",1
"1,38713228660533E+018",1
"1,39167356399276E+018",1
"1,40194184034192E+018",2
"1,38957583953727E+018",1
"1,40506524810161E+018",1
"1,38512914003104E+018",1
"1,38957030704068E+018",1
"1,38418028747146E+018",0
"1,39053038039098E+018",1
"1,39395977264747E+018",0
"1,39799675062817E+018",0
"1,38965987271576E+018",0
"1,38534852716181E+018",1
"1,39417805257016E+018",2
"1,40414967872424E+018",1
"1,3885551359751E+018",1
"1,39438231140002E+018",1
"1,40490972098141E+018",0
"1,40649739978328E+018",2
"1,39722744068716E+018",1
"1,40491010198355E+018",0
"1,39473865388112E+018",0
"1,40161206880194E+018",0
"1,38419001365555E+018",0
"1,38729053329974E+018",1
"1,38525166282724E+018",1
"1,38425415673561E+018",1
"1,38947317535284E+018",1
"1,38705605761742E+018",0
"1,3863251163936E+018",2
"1,39461729592268E+018",2
"1,38512710185506E+018",0
"1,39434473230695E+018",1
"1,38735450082293E+018",0
"1,38951071385778E+018",2
"1,38692428201448E+018",0
"1,38884381608245E+018",2
"1,40657943810879E+018",0
"1,38518995208281E+018",1
"1,40657191634174E+018",0
"1,3918786311154E+018",1
"1,3891404214236E+018",0
"1,40656925246802E+018",1
"1,39163945573228E+018",1
"1,38407837535919E+018",1
"1,40580462744714E+018",1
"1,40365228617445E+018",0
"1,4023729861545E+018",1
"1,38401596163683E+018",0
"1,40546098762559E+018",1
"1,40723355198517E+018",1
"1,38647645841626E+018",1
"1,39075815462817E+018",1
"1,40658072630108E+018",1
"1,39099763738253E+018",0
"1,39363786618661E+018",2
"1,38411893553716E+018",0
"1,38951710007565E+018",1
"1,38859349040629E+018",1
"1,38535517437028E+018",1
"1,38750734481322E+018",2
"1,38927719974064E+018",0
"1,39075401620482E+018",1
"1,39272423598293E+018",1
"1,38855095631342E+018",1
"1,38393368551944E+018",0
"1,38535547687611E+018",1
"1,38649155966796E+018",2
"1,38526873380397E+018",1
"1,39176006227271E+018",1
"1,40219437654202E+018",1
"1,40654343959282E+018",0
"1,40662341687511E+018",2
"1,40655801341936E+018",1
"1,38531652075929E+018",1
"1,38931450919454E+018",2
"1,38425348286196E+018",0
"1,4015963182006E+018",1
"1,38965218592815E+018",0
1.3893212950668001e+018,0
"1,38844024780607E+018",1
"1,40094185948514E+018",2
"1,39067997869456E+018",0
"1,38415130174381E+018",2
"1,39362849765508E+018",0
"1,40365645570258E+018",1
"1,38918206180677E+018",0
"1,39182900425308E+018",0
"1,38419188496102E+018",1
"1,39510914200054E+018",1
"1,38634486979534E+018",1
"1,40685533471146E+018",0
"1,38701720483995E+018",2
"1,39615953435228E+018",2
"1,39180548579654E+018",0
"1,38737563232632E+018",1
"1,39150576259847E+018",0
"1,39066410597193E+018",0
"1,40420317480262E+018",2
"1,38424440604836E+018",2
"1,39855492905739E+018",1
"1,39446566968565E+018",0
"1,3927583518435E+018",1
"1,39642260510892E+018",1
"1,3842051919441E+018",0
"1,39167300272359E+018",0
"1,38920086611736E+018",1
"1,38533586101809E+018",1
"1,38422743482894E+018",1
"1,38734201415338E+018",1
"1,38964098111765E+018",0
"1,38419646129487E+018",1
"1,38429121162461E+018",0
"1,39055910744327E+018",1
"1,39508741921359E+018",1
"1,38402202109742E+018",1
"1,39278238407719E+018",0
"1,38695184620032E+018",2
"1,38448035210276E+018",0
"1,40161265189828E+018",0
"1,40655390476305E+018",1
"1,38843412749019E+018",0
"1,40158519214225E+018",0
"1,39568631806845E+018",1
"1,40400896176701E+018",1
"1,39581546434176E+018",0
"1,38516073787895E+018",1
"1,38732985663608E+018",0
"1,38858299882885E+018",1
"1,39162903974036E+018",0
"1,38970641176931E+018",0
"1,40493149508572E+018",0
"1,39112176056579E+018",0
"1,40453701266165E+018",2
"1,39156383612209E+018",1
"1,38700665416051E+018",0
"1,38695105224371E+018",1
"1,40396817043263E+018",1
"1,39312681017145E+018",2
"1,39802410161745E+018",0
"1,38939032646545E+018",1
"1,39856458521761E+018",1
"1,38926829921779E+018",2
"1,39415545916737E+018",1
"1,38514996627284E+018",0
"1,39864301972588E+018",0
"1,40656573902954E+018",0
"1,39895915797439E+018",1
"1,38627678578089E+018",1
"1,39185146564442E+018",0
"1,38966429718219E+018",2
"1,40489217890886E+018",2
"1,39185272173781E+018",0
"1,39576091156308E+018",1
"1,40652579366527E+018",0
"1,39579700823819E+018",0
"1,39213954533707E+018",0
"1,38882014223519E+018",1
"1,4060121912251E+018",1
"1,39428937273693E+018",1
"1,38423834824442E+018",0
"1,38845710628258E+018",1
"1,39299956554093E+018",1
"1,39183646512293E+018",1
"1,39181083468338E+018",1
"1,39758240786851E+018",0
"1,38427779085851E+018",0
"1,3905762298002E+018",1
"1,38918332737933E+018",1
"1,4050750152221E+018",1
"1,40524014366197E+018",1
"1,3864468797859E+018",0
"1,39216569443176E+018",0
"1,39077619178367E+018",1
"1,39858903487684E+018",1
"1,39061494739096E+018",1
"1,40002653414091E+018",1
"1,39319406271545E+018",0
"1,38414575253701E+018",1
"1,38909216670267E+018",1
"1,3943497464379E+018",1
"1,40006444222694E+018",1
"1,39855938465824E+018",0
"1,3873595480009E+018",1
"1,38857840487474E+018",1
"1,38860095182146E+018",1
"1,39437662204905E+018",0
"1,38412614835164E+018",1
"1,39430226991145E+018",1
"1,38644388690677E+018",0
"1,38416380747639E+018",0
"1,39693093720466E+018",1
"1,40546119374204E+018",2
"1,39370706351211E+018",2
"1,39503524091411E+018",1
"1,39434523834124E+018",2
"1,39760046073593E+018",1
"1,39935435458345E+018",1
"1,38456580284689E+018",0
"1,38859740371291E+018",1
"1,38416073852088E+018",0
"1,38960750663746E+018",1
"1,39161385627591E+018",1
"1,38847877988297E+018",0
"1,38992084837569E+018",1
"1,39586384315545E+018",1
"1,39724561349497E+018",1
"1,39397793846336E+018",0
1.3984680747020001e+018,1
"1,39440266877744E+018",1
"1,40490053285512E+018",1
"1,40489731267404E+018",0
"1,38513486000473E+018",0
"1,39202827498604E+018",1
"1,38551391623991E+018",2
"1,38953643420653E+018",0
"1,39180150273023E+018",2
"1,40368724631904E+018",0
"1,3840664273348E+018",0
"1,4065595206802E+018",1
"1,40192163415666E+018",0
"1,39180126573531E+018",0
"1,39784397884694E+018",2
"1,39852576063434E+018",2
"1,40505066792915E+018",1
"1,39745034261957E+018",2
"1,39867457813888E+018",0
"1,386339409101E+018",0
"1,40585729144273E+018",0
"1,3864496401749E+018",0
"1,39536373639167E+018",1
"1,4052429739783E+018",2
"1,38524749120614E+018",1
"1,40366114162521E+018",1
"1,39064401216872E+018",1
"1,38917858859599E+018",1
"1,40491142665389E+018",2
"1,39856964746152E+018",1
"1,39296898182115E+018",1
"1,40292436625875E+018",2
"1,38860818966349E+018",1
"1,38529747167755E+018",1
"1,40401581568765E+018",0
"1,40019951485896E+018",2
"1,38852690553669E+018",2
1.3853751925710561e+018,0
"1,40651343493453E+018",1
"1,388465215466E+018",1
"1,39573512632423E+018",2
"1,38408707912719E+018",1
"1,4039849154279E+018",1
"1,39461195223686E+018",2
"1,40400055776165E+018",0
"1,38407638752745E+018",1
"1,39007297428017E+018",1
"1,39318127241198E+018",0
"1,38732731565117E+018",1
"1,39922563588995E+018",1
"1,38733790604242E+018",2
"1,39612819443301E+018",0
"1,39169110074683E+018",1
"1,3928178237355E+018",0
"1,39188142463925E+018",1
"1,39075459174732E+018",0
"1,38521862013817E+018",1
"1,38711847153276E+018",1
"1,38407657376718E+018",0
"1,38709204471222E+018",1
"1,39571042568203E+018",1
"1,4067079206209E+018",0
"1,38748816724735E+018",2
"1,39504459977373E+018",0
"1,39095287210851E+018",1
"1,38918894412701E+018",1
"1,391622502905E+018",0
"1,38845651918073E+018",1
"1,400950470471E+018",2
"1,40655373329566E+018",1
"1,38410999104539E+018",2
"1,39492136327051E+018",1
"1,38850280538468E+018",1
"1,38559923374354E+018",2
"1,3864147286547E+018",0
"1,4066295101084E+018",2
"1,38711320858717E+018",2
"1,39874268112847E+018",0
"1,39186736300026E+018",1
"1,38996740565331E+018",2
"1,39763071484212E+018",1
"1,38639107979722E+018",0
"1,4010073240143E+018",2
"1,40506293040042E+018",1
"1,3931124536015E+018",2
"1,3966915290839E+018",2
"1,39166084359147E+018",1
"1,40091790780729E+018",1
"1,38999050374422E+018",2
"1,39074622710977E+018",1
"1,38756241325235E+018",0
"1,40366508294561E+018",0
"1,38555589725938E+018",1
"1,40410741208959E+018",1
"1,39462488220656E+018",2
"1,38847851156067E+018",0
"1,40001838037619E+018",0
"1,39722662967655E+018",2
"1,38742644680997E+018",1
"1,39366963106011E+018",1
"1,38701551182167E+018",0
"1,38930396118278E+018",0
"1,39277845958427E+018",0
"1,40113457515431E+018",2
"1,39061986928516E+018",1
"1,38959994263384E+018",0
"1,3927647249877E+018",1
"1,40415219198475E+018",0
"1,39100870935102E+018",0
"1,40293694676737E+018",2
"1,39050805406461E+018",2
"1,39406553373416E+018",1
"1,40659820985895E+018",0
"1,39355571125108E+018",0
"1,38466130771939E+018",1
"1,38533938143573E+018",2
"1,39354031315584E+018",2
"1,38632043914482E+018",1
"1,39182351002515E+018",0
"1,40655566289778E+018",2
"1,39145251851379E+018",0
"1,38921305325068E+018",1
"1,38562232212043E+018",1
"1,39167065835923E+018",1
"1,39313785273367E+018",0
"1,39437880174495E+018",0
"1,3885165254816E+018",1
"1,39068287994502E+018",0
"1,40412024816554E+018",2
"1,39069188681016E+018",1
"1,40088393384842E+018",2
"1,40100601712365E+018",2
"1,39361998432936E+018",0
"1,39222027751861E+018",1
"1,38958887292602E+018",1
"1,38698710383852E+018",0
"1,38429108151738E+018",0
"1,39164956181553E+018",2
"1,39154838927645E+018",2
"1,38933688997142E+018",2
"1,3916377148109E+018",0
"1,38426582162768E+018",0
"1,38533132466003E+018",1
"1,38732924783705E+018",0
"1,40488900020525E+018",1
"1,39433676131741E+018",0
"1,39401523431095E+018",0
"1,38927252132582E+018",2
"1,39395948054781E+018",1
"1,39177744417736E+018",0
"1,39999751786615E+018",1
"1,39177816131517E+018",1
"1,39922125716234E+018",2
"1,3942999235129E+018",1
"1,38407892254381E+018",1
"1,40651845164098E+018",2
"1,38849989660555E+018",0
"1,38844125175468E+018",0
"1,38412673510961E+018",1
"1,3884592125614E+018",1
"1,39103609263636E+018",0
"1,39059840691826E+018",0
"1,38412051195791E+018",2
"1,4053226604569E+018",0
"1,38943780842367E+018",1
"1,38422851318038E+018",0
"1,38830124008234E+018",2
"1,40652618184799E+018",0
"1,3842302577466E+018",1
"1,39057697837012E+018",1
"1,38716265654988E+018",1
"1,39169775451529E+018",0
"1,39358501770885E+018",1
"1,38965321601566E+018",1
"1,39395013879262E+018",0
"1,38636114267566E+018",1
"1,38915767408488E+018",1
"1,38455048537867E+018",0
"1,40433040066362E+018",1
"1,3933543058481E+018",0
"1,38922088307663E+018",1
"1,39459425117923E+018",1
"1,38412997471039E+018",0
"1,38460563486842E+018",1
"1,40520659755985E+018",0
"1,39690378187975E+018",2
"1,38459818535677E+018",1
"1,39212777487849E+018",0
"1,39062771365283E+018",0
"1,39822015557916E+018",1
"1,39312020129468E+018",0
"1,38700748016996E+018",2
"1,38930390541528E+018",1
"1,38695963714093E+018",1
"1,39497957196395E+018",1
"1,39347779055769E+018",0
"1,39351163550406E+018",2
"1,3842215355027E+018",0
"1,39496087366442E+018",2
"1,39160665257982E+018",1
"1,39274023997893E+018",0
"1,38446345420814E+018",0
"1,38747574487244E+018",2
"1,38717922650853E+018",0
"1,38522559320633E+018",0
"1,38518448752972E+018",1
"1,40089560437776E+018",2
"1,39176971740527E+018",1
"1,39058205565486E+018",0
"1,39101493344231E+018",0
"1,38960917102538E+018",1
"1,39640892029444E+018",1
"1,39855442207095E+018",0
"1,39692723233828E+018",2
"1,38537052441564E+018",1
"1,38413625447688E+018",0
"1,3840227270533E+018",1
"1,39350167820534E+018",1
"1,39357238066513E+018",1
"1,39054999071252E+018",1
"1,39781667603338E+018",0
"1,38861884819529E+018",1
"1,3873333901905E+018",1
"1,38716025331436E+018",0
"1,40669650243781E+018",0
"1,38403807521545E+018",1
"1,38424065514938E+018",0
"1,38839743671717E+018",1
"1,39800382440566E+018",1
"1,38701151289673E+018",1
"1,38635612962264E+018",0
"1,39080604007E+018",1
"1,40374798700899E+018",1
"1,38968401478145E+018",2
"1,40693355377087E+018",2
"1,40618074935152E+018",2
"1,38455313986134E+018",0
1.3869889020204319e+018,1
"1,39694642156839E+018",0
"1,39183344300107E+018",1
"1,39181874665064E+018",1
"1,40398245327089E+018",0
"1,38704130411942E+018",2
"1,40398761879534E+018",2
"1,39113237602626E+018",1
"1,3885053768873E+018",2
"1,39692836483387E+018",2
"1,39352146583264E+018",2
"1,38705655126174E+018",1
"1,39212446356356E+018",0
"1,38750581644239E+018",2
"1,39176484078034E+018",1
"1,39467131746768E+018",2
"1,39072980392238E+018",1
"1,38747916579703E+018",2
"1,38533331567104E+018",0
"1,39640555352671E+018",1
"1,39190360201332E+018",1
"1,38693063648156E+018",1
"1,4038077345884E+018",1
"1,39860716612736E+018",0
"1,39279499989766E+018",1
"1,39177380265747E+018",2
"1,39165412382148E+018",1
"1,40398990886431E+018",0
"1,40506489923199E+018",1
"1,38410526075973E+018",1
"1,38715968614797E+018",2
"1,38708624247135E+018",0
1.3887559749415199e+018,0
"1,39180835103046E+018",1
"1,40490567067621E+018",0
"1,40655716224413E+018",0
"1,38853886649643E+018",1
"1,3841705266381E+018",2
"1,38634354609823E+018",1
"1,40002183769477E+018",1
"1,38966986472648E+018",1
"1,38716367411739E+018",2
"1,39069992815496E+018",1
"1,38421925992499E+018",1
"1,3853234197393E+018",1
"1,39178400771345E+018",0
"1,40658267802403E+018",2
"1,40002934672368E+018",2
"1,40110260128285E+018",2
"1,40656554529458E+018",0
"1,38705655130786E+018",1
"1,38732918354675E+018",0
"1,39171500325485E+018",0
"1,38733301318548E+018",0
"1,38715472543555E+018",1
"1,38955055500198E+018",1
"1,40652931506868E+018",0
"1,39176617630958E+018",1
"1,38406983741291E+018",0
"1,38536341232731E+018",0
"1,39056699529326E+018",1
1.3882968976564961e+018,0
"1,40688823609453E+018",2
"1,39695140073153E+018",1
"1,40190230887997E+018",0
"1,39169751336788E+018",0
"1,38916523554263E+018",0
"1,39638544528256E+018",2
"1,39172364920024E+018",1
"1,40543515502877E+018",0
"1,38447822373664E+018",2
"1,38931832049576E+018",0
"1,3884548451375E+018",1
"1,40656911590977E+018",1
"1,38514601504972E+018",1
"1,38960139494514E+018",2
"1,39674946601583E+018",1
"1,38428452254866E+018",0
"1,40393467633147E+018",2
"1,38582041014352E+018",0
"1,38909697879833E+018",1
"1,39163782510012E+018",1
"1,38531838942656E+018",1
"1,39400020013455E+018",0
"1,38549938446128E+018",2
"1,40420500017213E+018",1
"1,3855738533683E+018",1
"1,38704077716816E+018",1
"1,39433955934595E+018",1
"1,39111076510133E+018",0
"1,40492605157529E+018",0
"1,39162816215356E+018",1
"1,39222213896741E+018",1
"1,40375077989956E+018",1
"1,40522109132968E+018",2
"1,38410485961648E+018",1
"1,38912965044249E+018",1
"1,39288100882401E+018",1
"1,38962510784542E+018",0
"1,39108582615572E+018",1
"1,38423687320832E+018",2
"1,4016346242212E+018",0
"1,39362319859229E+018",1
"1,40080482128074E+018",2
"1,40395335012786E+018",2
"1,3909603792961E+018",1
"1,38510172687371E+018",1
"1,38857158677359E+018",1
"1,38954975261909E+018",2
"1,38629198257476E+018",1
"1,3934900560951E+018",0
"1,40022375705093E+018",2
"1,39137672952513E+018",0
"1,39645738350589E+018",1
"1,38522541223469E+018",1
"1,39076035893629E+018",0
"1,38712976787132E+018",1
"1,38422035694099E+018",0
"1,40697811791956E+018",0
"1,38699500518153E+018",1
"1,38958278595487E+018",0
"1,39570189088575E+018",1
"1,38413196869504E+018",1
"1,38961419083122E+018",2
"1,39170372804715E+018",1
"1,38706402986106E+018",1
"1,38528073884154E+018",1
"1,38947918194412E+018",2
"1,40653352466093E+018",0
"1,40057797951692E+018",0
"1,3909933205293E+018",0
"1,39469659011222E+018",1
"1,38734153752531E+018",0
"1,38854983029382E+018",0
"1,40654263821233E+018",0
"1,39172751361803E+018",1
"1,38509456554008E+018",0
"1,40410426664669E+018",0
"1,40656457688437E+018",0
"1,38547517563485E+018",2
"1,38419556446872E+018",1
"1,39887317337919E+018",1
"1,4052142689545E+018",1
"1,40686853234059E+018",0
"1,385242368971E+018",1
"1,38533570744363E+018",0
"1,3891307060482E+018",1
"1,40084515624546E+018",0
"1,39436192888613E+018",1
1.3885660610464481e+018,1
"1,4010838669375E+018",1
"1,39692767314281E+018",1
"1,4052707935467E+018",2
"1,38735593775368E+018",2
"1,39127842896446E+018",1
"1,39568185429715E+018",2
"1,38732936648971E+018",0
"1,39455587875447E+018",0
"1,40400897980256E+018",1
"1,38987339101703E+018",1
"1,38550898477443E+018",1
"1,39869161133754E+018",0
"1,39162065721402E+018",1
"1,40659803512843E+018",0
"1,3896046891305E+018",1
"1,38411160385601E+018",2
"1,40075563570949E+018",1
"1,3851979759919E+018",1
"1,3907706757077E+018",0
"1,38692042557436E+018",1
"1,40397017539804E+018",0
"1,38970403384619E+018",2
"1,38773472796936E+018",1
"1,38843480393085E+018",1
"1,40087489504789E+018",1
"1,38404118824046E+018",0
"1,39276225163186E+018",1
"1,38737485391383E+018",2
"1,39313205239705E+018",0
"1,38958469048773E+018",1
"1,38456776063056E+018",2
"1,4039724775424E+018",0
"1,39859625224635E+018",2
"1,3868548222305E+018",1
"1,40087831263806E+018",1
"1,40091624187594E+018",0
"1,38552981824728E+018",1
"1,40656425652343E+018",2
"1,40398336685317E+018",2
"1,39165712032874E+018",1
"1,39064608681408E+018",1
"1,40508467992186E+018",0
"1,38961071131642E+018",1
"1,38917633299157E+018",0
"1,39206695304969E+018",1
"1,39673986911688E+018",2
"1,3852117378011E+018",0
"1,38410411900309E+018",0
"1,38407165193594E+018",0
"1,39759194451621E+018",1
"1,38926964753558E+018",0
"1,38533279346771E+018",2
"1,40689021833941E+018",0
"1,39074714152673E+018",2
"1,3916715311981E+018",1
"1,40653422962277E+018",2
"1,38421265816182E+018",1
"1,40491566333286E+018",1
"1,3927370173694E+018",2
"1,38966029669284E+018",1
"1,4053733431219E+018",2
"1,38534522660103E+018",1
"1,39293600157687E+018",0
"1,40395043534242E+018",0
"1,40691713500013E+018",0
"1,38447100192951E+018",0
"1,406550822952E+018",0
"1,39362995774255E+018",2
"1,39063629487993E+018",2
"1,38554935859109E+018",1
"1,39348733291391E+018",1
"1,38954693096398E+018",1
"1,38410097298569E+018",2
1.3869539793017119e+018,0
"1,38534064643793E+018",1
"1,40659516361136E+018",2
"1,40378422195356E+018",2
"1,38426659303152E+018",2
"1,4065248595014E+018",2
"1,39855261330665E+018",0
"1,38513578545683E+018",0
"1,38859689196167E+018",1
"1,39167813302841E+018",0
"1,38445880768273E+018",2
"1,39922889523738E+018",1
"1,40524141158741E+018",2
"1,40690826150533E+018",2
"1,38647110687433E+018",2
"1,40659062256005E+018",0
"1,40512601564769E+018",1
"1,40654253764551E+018",1
"1,39058882448561E+018",1
"1,38751846789781E+018",2
"1,40657896622014E+018",1
"1,3892005180866E+018",1
"1,39187642309116E+018",1
"1,40662797828555E+018",2
"1,38927002274958E+018",0
"1,39455221066774E+018",0
"1,39399117809855E+018",2
"1,40490975749277E+018",0
"1,40502595875577E+018",1
"1,40222881776311E+018",0
"1,39185240062186E+018",1
"1,3906539113175E+018",1
"1,40395230167343E+018",1
"1,40219401103357E+018",1
"1,39171016748248E+018",1
"1,39072417306088E+018",1
"1,40366920975059E+018",1
"1,3871333781856E+018",0
"1,3851081707465E+018",0
"1,38519019042005E+018",1
"1,40655150860751E+018",0
"1,38535289583975E+018",2
"1,39073396202106E+018",1
1.3871288075267359e+018,0
"1,38696822708804E+018",1
"1,40433536209322E+018",2
"1,39387701322464E+018",2
"1,39305652649187E+018",0
"1,39779816382674E+018",0
"1,39439276550572E+018",2
"1,3916211874747E+018",1
"1,39166090166995E+018",1
"1,38481885845692E+018",1
"1,39500162177249E+018",0
"1,40412712839697E+018",0
"1,38414815332726E+018",0
"1,38960885676704E+018",1
"1,39644299351576E+018",1
"1,38884381890094E+018",2
"1,39730463320743E+018",0
"1,38446043869651E+018",0
"1,38969002509335E+018",1
"1,38533706866297E+018",2
"1,38701128483575E+018",0
"1,40653895496755E+018",2
"1,38525863647006E+018",1
"1,39602520059306E+018",1
"1,40660015695972E+018",1
"1,40687836624291E+018",1
"1,40593129500856E+018",2
"1,38707933103023E+018",1
"1,38915420611694E+018",0
"1,38846486173523E+018",1
"1,39213179735443E+018",0
1.3885078643990241e+018,1
"1,39310263324681E+018",1
"1,39095104478876E+018",0
"1,38642157532324E+018",0
"1,40159601331661E+018",1
"1,38838338894433E+018",1
"1,40581063619875E+018",2
"1,38847407597942E+018",0
"1,38840016334198E+018",0
"1,39215593266739E+018",1
"1,39708428392017E+018",1
"1,3869905008724E+018",0
"1,39724387522859E+018",0
"1,40129153749813E+018",2
"1,3849478690321E+018",2
"1,3917547444698E+018",1
"1,38923719951898E+018",1
"1,38732965559888E+018",0
"1,40403030047744E+018",0
"1,38692431204159E+018",0
"1,40369211384239E+018",0
"1,38767604711055E+018",1
"1,39319161635417E+018",2
"1,38523062205099E+018",0
"1,40411226552423E+018",0
"1,39856330529648E+018",1
"1,38851630932388E+018",1
"1,38886478873902E+018",1
"1,38899947635915E+018",0
"1,4065628485082E+018",0
"1,38424440338071E+018",1
"1,38420340628208E+018",1
"1,40507475486488E+018",0
"1,39360243843176E+018",1
"1,38850324204114E+018",2
"1,38742021891444E+018",1
"1,40090565028945E+018",2
"1,39892901543243E+018",2
"1,39163673822598E+018",0
"1,40658318419268E+018",1
"1,38695335854048E+018",1
"1,38928387130968E+018",1
1.3928667706467041e+018,2
"1,39461029208084E+018",1
"1,40657459997908E+018",0
"1,38424650364076E+018",2
"1,38660325469663E+018",0
"1,40675356869944E+018",1
"1,38937113935761E+018",0
"1,39169307865905E+018",1
"1,40367447967975E+018",0
"1,39174852200172E+018",1
"1,38710621262655E+018",1
"1,40290074419028E+018",0
"1,406541141001E+018",2
"1,38427631379242E+018",0
"1,38820168262288E+018",1
"1,39758140467496E+018",1
"1,38656927270557E+018",0
"1,39348410918437E+018",2
"1,39223912745475E+018",2
"1,40369333423385E+018",2
"1,39648256925279E+018",1
"1,38845918236235E+018",2
"1,38535002715812E+018",0
"1,39789404495775E+018",0
"1,39758049301363E+018",1
"1,40657391502822E+018",1
"1,38736167428653E+018",0
"1,40655802111165E+018",0
"1,39175822646354E+018",2
"1,39169312653693E+018",1
"1,40491290694122E+018",2
"1,39172306019412E+018",0
"1,39072712513363E+018",1
"1,39436387063499E+018",0
"1,3942352492201E+018",2
"1,40290157821504E+018",1
"1,39168759696368E+018",1
"1,39294840265317E+018",0
"1,40506081469711E+018",1
"1,38426668817509E+018",0
"1,39728570787032E+018",0
"1,39181912597505E+018",1
"1,38413140110928E+018",0
"1,40511178520472E+018",2
"1,39309738140786E+018",2
"1,40658200996787E+018",2
"1,39914926615366E+018",1
"1,40510384144041E+018",1
"1,38843158160225E+018",1
"1,39291639599066E+018",1
"1,38958654171927E+018",0
"1,39177114833828E+018",1
"1,38691332783471E+018",2
"1,38533519130926E+018",1
"1,39076223845835E+018",0
"1,38447578941303E+018",0
"1,38854669437202E+018",1
"1,39289797225441E+018",1
"1,38712859192683E+018",1
"1,40408666405458E+018",0
"1,39855451714743E+018",0
"1,39172652202997E+018",1
"1,39057344103259E+018",2
"1,39279796672177E+018",1
"1,38693392267261E+018",2
"1,39310465399545E+018",0
"1,38403958481679E+018",0
"1,38421337251887E+018",0
"1,38968191283542E+018",1
"1,40397013225112E+018",0
"1,38772383922911E+018",2
"1,38736348953102E+018",1
"1,40100782519997E+018",2
"1,38429273140137E+018",1
"1,38445653554852E+018",1
1.3841590216874721e+018,1
"1,39366156943595E+018",2
"1,3905870641571E+018",0
"1,39178903540481E+018",1
"1,40655911044791E+018",0
"1,40524931206231E+018",2
"1,38508296894797E+018",1
"1,38712798624837E+018",1
"1,40702083875968E+018",0
1.3994872661338399e+018,0
"1,39099912669587E+018",0
"1,39927269670228E+018",1
"1,39500559626965E+018",2
"1,40149862448023E+018",2
"1,39437012299178E+018",1
"1,40526061114829E+018",2
"1,3985530558938E+018",0
"1,39785430548343E+018",1
"1,3939839517783E+018",2
"1,39454404281865E+018",2
"1,39362311649724E+018",1
"1,38916060696462E+018",2
"1,38691028397797E+018",1
"1,38419041380894E+018",0
"1,38547495580724E+018",2
"1,40396378954493E+018",0
"1,38744926868077E+018",2
"1,3910024833807E+018",0
"1,38532329856998E+018",0
"1,38854336790732E+018",1
"1,39308782867499E+018",0
"1,40090262774811E+018",2
"1,40075721109431E+018",1
"1,3871281683651E+018",1
"1,38919566429116E+018",1
"1,38455426093594E+018",1
"1,38733020649137E+018",0
"1,38994657137095E+018",0
"1,3875027965394E+018",2
"1,39236085618122E+018",0
"1,38878364740322E+018",1
"1,40516134304559E+018",1
"1,38922769606917E+018",0
"1,39423889563896E+018",1
"1,38420294361687E+018",1
"1,39614560263177E+018",0
"1,39603871152833E+018",2
"1,39785933920192E+018",2
"1,39165945586405E+018",0
"1,40094633924518E+018",0
"1,39055869148579E+018",1
"1,40503458238735E+018",1
"1,40657972507049E+018",0
"1,38427881430636E+018",0
"1,39396773937139E+018",1
"1,39852693826068E+018",0
"1,39861433220065E+018",0
"1,38414775785045E+018",0
"1,40491671373344E+018",0
"1,38428450274308E+018",0
"1,39308693443249E+018",0
"1,39395735055017E+018",1
"1,3884269986667E+018",1
"1,39490460552018E+018",1
1.3917906608989921e+018,0
"1,3873611100813E+018",1
"1,40397039450844E+018",2
"1,38858275887272E+018",1
"1,39312578120801E+018",0
"1,38536884335537E+018",1
"1,38963298130055E+018",1
"1,38701886894683E+018",2
"1,38421036089957E+018",1
"1,38534659440559E+018",1
"1,39643844498605E+018",1
"1,38747657020652E+018",1
"1,38701957369471E+018",1
"1,38453054629493E+018",0
"1,40522832334578E+018",0
"1,38703388935337E+018",0
"1,40661123920418E+018",0
"1,39178523349062E+018",1
"1,40160799774757E+018",0
"1,38991748605799E+018",2
"1,38550417062772E+018",2
"1,38532037584485E+018",0
"1,384467800023E+018",2
"1,40655003502264E+018",0
"1,40017799085256E+018",1
"1,38843629477951E+018",0
"1,38862508117842E+018",2
"1,40654701618916E+018",1
"1,38737289732134E+018",0
"1,38960217906599E+018",2
"1,38844752826225E+018",1
"1,39061538418165E+018",2
"1,38909819012167E+018",1
"1,40527641837262E+018",2
"1,38703435927057E+018",1
"1,38748051671104E+018",2
"1,39062576187116E+018",1
"1,38531420337696E+018",0
"1,39312923729764E+018",0
"1,40686545277354E+018",1
"1,40667526099331E+018",1
"1,39369301595326E+018",0
"1,38951169554302E+018",0
"1,38412815474311E+018",1
"1,3870136149267E+018",1
"1,38411706357731E+018",0
"1,40159456183577E+018",1
"1,39931933435955E+018",2
"1,39818519315295E+018",1
"1,38892136693885E+018",0
"1,38846727213886E+018",1
"1,38534711980509E+018",1
"1,3936198547045E+018",0
"1,38921118905442E+018",0
"1,39413965815037E+018",1
"1,39282045492734E+018",0
"1,39358196419671E+018",2
"1,40400069320423E+018",2
"1,39585221180936E+018",0
"1,39350480552035E+018",0
"1,39274501225803E+018",0
"1,38970115957367E+018",1
"1,38460698592511E+018",2
"1,4011924112678E+018",2
"1,39317262263305E+018",1
"1,3841400690369E+018",1
"1,40669898189217E+018",2
"1,38857340568798E+018",2
"1,38416542282865E+018",1
"1,38924347707086E+018",1
"1,39868985853779E+018",2
"1,40433769837929E+018",2
"1,40100658484781E+018",2
"1,40189881385033E+018",1
"1,38709991417434E+018",2
"1,38855260420936E+018",0
"1,38516740338717E+018",1
"1,38856162337634E+018",1
"1,3892128099139E+018",1
"1,39162159931771E+018",0
"1,40129029893703E+018",2
"1,387146448417E+018",0
"1,38842932380849E+018",2
"1,38710444546137E+018",0
"1,38843075084497E+018",1
"1,38522846437504E+018",0
"1,38935824584897E+018",1
"1,39397611488479E+018",0
"1,38636333736629E+018",0
"1,39072894785214E+018",1
"1,39864117554486E+018",0
"1,39072975821702E+018",1
"1,40395346262323E+018",0
"1,39167785305023E+018",0
"1,40404352065102E+018",2
"1,40654744308118E+018",0
"1,38747679639281E+018",0
"1,39182310461218E+018",1
"1,39178069290065E+018",1
"1,40084335148676E+018",2
"1,38696750113382E+018",0
"1,40491790308285E+018",2
"1,38513718304932E+018",1
"1,40658364310826E+018",2
"1,39356547468901E+018",0
"1,39292872796164E+018",1
"1,40521798907555E+018",0
"1,38534504162811E+018",1
"1,39076773194807E+018",0
"1,3932870606818E+018",0
"1,39801968324105E+018",0
"1,39839577560081E+018",0
"1,40491695849617E+018",1
"1,39177881150368E+018",0
"1,39435271655877E+018",1
"1,39173594151822E+018",0
"1,39829525171507E+018",1
"1,38420082425601E+018",1
"1,39457240161105E+018",2
"1,40659589990469E+018",2
"1,39072189404377E+018",1
"1,38422160513234E+018",0
"1,38428335667476E+018",0
"1,39273172287844E+018",1
"1,40404379435867E+018",2
"1,38961108395087E+018",1
"1,39452696528209E+018",2
"1,38881993276328E+018",2
"1,40366305947496E+018",1
"1,38629821596056E+018",0
"1,39397732579712E+018",1
"1,393929629963E+018",0
"1,38843239738187E+018",0
"1,39508906778054E+018",1
"1,38816901159529E+018",1
"1,38533662735927E+018",1
"1,38848221255589E+018",0
"1,40594828399921E+018",1
"1,38534319996795E+018",1
"1,38968462392861E+018",0
"1,38522520582459E+018",0
"1,40165588921241E+018",0
"1,39166970169728E+018",0
"1,38741812398966E+018",0
"1,39363678849801E+018",1
"1,38445759555408E+018",2
"1,38417942271502E+018",1
"1,38926801943682E+018",1
"1,38952801935056E+018",1
"1,39212065275325E+018",1
"1,39359161018157E+018",0
"1,39145095058659E+018",2
"1,40597290534369E+018",1
"1,39170607601861E+018",0
"1,38517315527528E+018",0
"1,38968725940695E+018",1
"1,38702607963065E+018",1
"1,3989031905114E+018",1
"1,39642006146064E+018",1
"1,3853257224458E+018",2
"1,38951947221042E+018",1
"1,39858994670589E+018",1
"1,38520443742207E+018",1
"1,389436232674E+018",1
"1,39277139909016E+018",0
"1,38527782880825E+018",1
"1,40658857128543E+018",0
"1,38914854478801E+018",1
"1,39610961656464E+018",2
"1,38829674111665E+018",1
"1,40490106216371E+018",1
"1,40003074819163E+018",1
"1,38638299478559E+018",0
"1,38745218895234E+018",0
"1,38692306840945E+018",0
"1,40655645019802E+018",0
"1,40662445431529E+018",1
"1,39861432340525E+018",2
"1,40002429640004E+018",1
"1,40539087161754E+018",2
"1,38408639920527E+018",1
"1,40491287933012E+018",1
"1,3874607149951E+018",2
"1,38924910858254E+018",0
"1,39637500043795E+018",1
"1,39860180633539E+018",1
"1,40488999827771E+018",1
"1,38464911741522E+018",1
"1,39440041516963E+018",2
"1,38513306361778E+018",0
"1,38747629181799E+018",0
"1,38860680615139E+018",0
"1,3864310059727E+018",0
"1,39322140472052E+018",2
"1,39896817904144E+018",2
"1,39754248695279E+018",0
"1,38951080477343E+018",1
"1,38703008810606E+018",1
"1,38402151121693E+018",0
"1,40692082710329E+018",0
"1,38502097763817E+018",1
"1,40400760598759E+018",0
"1,3916476319869E+018",0
"1,40599246631096E+018",2
"1,38960710210101E+018",1
"1,40093311105198E+018",0
"1,40490432441793E+018",2
"1,40511607711427E+018",0
"1,38732827741771E+018",0
"1,39169829073185E+018",1
"1,38750711772096E+018",0
"1,39310114149231E+018",0
"1,38946468462612E+018",1
"1,39430848671302E+018",1
"1,39691433502964E+018",1
"1,39205752730775E+018",0
"1,38860979296555E+018",1
"1,40431678823033E+018",0
"1,40401008012374E+018",0
"1,38912333476447E+018",1
"1,40688818900927E+018",0
"1,40655429338633E+018",0
"1,38737508030548E+018",2
"1,38519572147381E+018",1
"1,38425527355705E+018",2
"1,40042067053059E+018",0
"1,38840917695576E+018",1
"1,39862195649746E+018",0
"1,39173549764351E+018",1
"1,39461720313218E+018",1
"1,39348763012644E+018",0
"1,40699070467344E+018",2
"1,38739290083791E+018",1
"1,3895917734885E+018",2
"1,38699529984397E+018",2
1.3842454169511199e+018,0
"1,40160767810381E+018",0
"1,38402810604267E+018",1
"1,38419829662165E+018",1
"1,39349186830291E+018",0
"1,40587150667305E+018",1
"1,40147922549289E+018",0
"1,38786962518728E+018",0
"1,38970074906045E+018",1
"1,38525777248114E+018",1
"1,38944945355216E+018",1
"1,38746306380944E+018",1
1.4053978721624801e+018,0
"1,40653742910077E+018",2
"1,38747521113888E+018",1
"1,38910725625661E+018",1
"1,39280001759391E+018",1
"1,38749624923922E+018",2
"1,38847753638086E+018",1
"1,3986481454631E+018",0
"1,38733121202547E+018",2
"1,39398167773147E+018",1
"1,39504239606544E+018",0
"1,39854163268597E+018",0
"1,38418807844565E+018",1
"1,38645384879405E+018",0
"1,39752166161696E+018",0
"1,40399438743302E+018",0
"1,39165103303467E+018",1
"1,38849659171624E+018",0
"1,38966076690367E+018",1
"1,3891470275656E+018",0
"1,40587079529806E+018",0
1.3986006120408801e+018,0
"1,39164929009589E+018",1
"1,40413028600318E+018",0
"1,38842983913314E+018",0
"1,38960728875167E+018",1
"1,39165196172067E+018",0
"1,39067731104172E+018",1
"1,38968753390318E+018",2
"1,39876000524401E+018",0
"1,3927413998339E+018",0
"1,40656862294903E+018",0
"1,39178244895507E+018",1
"1,40733752956991E+018",2
"1,38848617421024E+018",2
"1,39357310628396E+018",0
"1,39173153870288E+018",0
"1,38728535548168E+018",1
"1,3931149585069E+018",2
"1,39690188132728E+018",1
"1,39531645526097E+018",0
"1,39471073710543E+018",1
"1,40657755411128E+018",0
"1,39282351083848E+018",1
"1,40432314981091E+018",1
"1,38538179073136E+018",0
"1,39212069950707E+018",0
"1,39675089160944E+018",1
"1,40508416324235E+018",1
"1,39173410582664E+018",0
"1,39110524406348E+018",0
"1,39838391022093E+018",1
"1,40490928928263E+018",1
"1,40400033303935E+018",1
"1,39930023628415E+018",0
"1,38923151058313E+018",1
"1,39609080480084E+018",0
"1,38560822708639E+018",0
"1,40403835783185E+018",0
"1,38732588352719E+018",2
"1,38531644560999E+018",1
"1,39659863560183E+018",1
"1,39367215608569E+018",2
"1,39551720102999E+018",0
"1,40397612221635E+018",0
"1,38423461931104E+018",0
"1,38839119164592E+018",1
"1,38945990474276E+018",1
"1,39034831368639E+018",1
"1,38412803450504E+018",2
"1,3844631262598E+018",0
"1,38836830169323E+018",0
"1,4037195907152E+018",0
"1,40508132420606E+018",0
"1,38409100393457E+018",0
"1,39692593514911E+018",2
"1,39688679712531E+018",1
"1,38912177908025E+018",1
"1,3976028128303E+018",2
"1,38932210506231E+018",1
"1,39396093267451E+018",0
"1,38736644223706E+018",0
"1,38637007244959E+018",0
"1,38926768262155E+018",1
"1,38750330047236E+018",0
"1,39467929232023E+018",0
"1,38511379046376E+018",2
"1,38410325336585E+018",0
"1,387508117706E+018",2
"1,39058648881613E+018",0
"1,38914565076439E+018",1
"1,3921259896443E+018",0
"1,38423105673628E+018",1
"1,39818446454354E+018",2
"1,39165772492088E+018",0
"1,39179786100485E+018",2
"1,38512599039814E+018",1
"1,38929869588828E+018",0
"1,38417906216006E+018",1
"1,38534588898227E+018",1
"1,38915209653307E+018",1
"1,38711087589557E+018",1
"1,39396867083824E+018",1
"1,38536837227634E+018",2
"1,38511822503E+018",0
"1,38923681808067E+018",0
"1,39101117279999E+018",0
"1,38848501025729E+018",1
"1,38845669296752E+018",1
"1,40656489413737E+018",0
"1,38895799609342E+018",0
"1,3870945487243E+018",1
"1,38598422712499E+018",1
"1,38856603532703E+018",0
"1,39076057889819E+018",1
"1,40523137914367E+018",1
"1,39189146350464E+018",0
"1,38715710783382E+018",1
"1,38713281124995E+018",1
"1,39213699767489E+018",1
"1,39871174762879E+018",2
"1,39081488424648E+018",1
"1,39173968676326E+018",0
"1,39072145261433E+018",1
"1,40667663162067E+018",1
"1,38515149659401E+018",0
"1,38620283143941E+018",1
"1,38844907890477E+018",2
"1,39859569078005E+018",2
"1,38690608886857E+018",2
"1,39258746470387E+018",0
"1,40087412423959E+018",2
"1,40691756163203E+018",2
"1,40587025302918E+018",0
"1,40495625802161E+018",0
"1,38932507685671E+018",1
"1,40396260649116E+018",0
"1,39758547513371E+018",0
"1,40655413320585E+018",0
"1,39354636314143E+018",1
"1,38525079945911E+018",1
"1,4040262805013E+018",1
"1,39185254736797E+018",0
"1,38956863563565E+018",1
"1,38419009882504E+018",1
"1,3906729078195E+018",1
"1,38742477662133E+018",1
"1,39333053344313E+018",0
"1,3946146371031E+018",1
"1,39585601000333E+018",2
"1,40652811558152E+018",2
"1,38919413819793E+018",1
"1,38524141971198E+018",1
"1,40653567535312E+018",2
"1,39050525153546E+018",0
"1,39182298602657E+018",1
"1,38415506905927E+018",0
"1,38532889198481E+018",0
"1,39172712397558E+018",2
"1,39461284527541E+018",2
"1,38418692504561E+018",1
"1,38521648322836E+018",0
"1,39857200250878E+018",0
"1,39178291068078E+018",1
"1,38406637402937E+018",2
"1,39398558948628E+018",1
"1,38924803402287E+018",2
"1,38517568050638E+018",0
"1,38707072442747E+018",1
"1,40488844385597E+018",0
"1,39607324280539E+018",2
"1,38844735000436E+018",1
"1,38838956370663E+018",1
"1,39165670503811E+018",0
"1,38915874791898E+018",0
"1,38512400469716E+018",0
"1,38858452807628E+018",0
"1,39869647278742E+018",1
"1,39311927373279E+018",2
"1,387450793285E+018",1
"1,38921048728035E+018",2
"1,38704203637782E+018",0
"1,3946150231217E+018",1
"1,40406617682143E+018",0
"1,38510896442636E+018",1
"1,3852971550706E+018",1
"1,39764410187346E+018",1
"1,390665656539E+018",1
"1,39440017846827E+018",1
"1,3990235412579E+018",0
"1,39095045310665E+018",0
"1,38712657364871E+018",0
"1,40080620373168E+018",2
"1,38525251637239E+018",1
"1,38521987647903E+018",1
"1,39433484228483E+018",1
"1,39074680674161E+018",0
"1,38847038820884E+018",1
"1,39452131112961E+018",1
"1,38701701831928E+018",2
1.4052053065740001e+018,1
"1,40560315121082E+018",2
"1,38525265163027E+018",2
"1,39056963008382E+018",0
"1,39164628918036E+018",1
"1,39675023418998E+018",2
"1,38533902281018E+018",0
"1,40512185673522E+018",0
"1,39179551951363E+018",0
"1,39051556266983E+018",1
"1,3875067677986E+018",2
"1,39328747549426E+018",0
"1,38733409948076E+018",0
"1,39176399237744E+018",0
"1,38582242090118E+018",0
"1,3895460370906E+018",0
"1,39398010926739E+018",0
"1,38956457316701E+018",1
"1,40656607894427E+018",0
"1,39218622360791E+018",0
"1,39144404575547E+018",1
"1,39271890970333E+018",2
"1,38707836639898E+018",2
"1,398934143095E+018",0
"1,38844814948064E+018",0
"1,40416794382762E+018",0
"1,38693883942863E+018",2
"1,39067557918424E+018",1
"1,39757847522202E+018",2
"1,39655381172506E+018",0
"1,39127370464309E+018",0
"1,38642329849852E+018",0
"1,40228848334812E+018",1
"1,39388169779244E+018",2
"1,39166108688202E+018",0
"1,38427427841832E+018",0
"1,40399648153575E+018",0
"1,38459887816775E+018",0
"1,40651459384175E+018",2
"1,38860884398753E+018",1
"1,38709501922444E+018",0
"1,40396001755288E+018",0
"1,3869938511105E+018",1
"1,38446659369503E+018",1
"1,40517558058115E+018",2
"1,39939209255687E+018",2
"1,38881803393064E+018",0
"1,40400962200927E+018",0
"1,39095953979363E+018",1
"1,38732529723475E+018",1
"1,3885724738982E+018",0
"1,39699547579507E+018",1
"1,39856812743736E+018",2
"1,38842353010316E+018",1
"1,40658995970911E+018",0
"1,40395728391108E+018",2
"1,40411337458629E+018",1
"1,39145830246321E+018",0
"1,39402850915728E+018",0
"1,38743796075745E+018",1
"1,38965480720873E+018",2
"1,38920655624858E+018",2
"1,39063320788491E+018",0
"1,4051903941792E+018",0
"1,3892638700748E+018",1
"1,39425771518729E+018",0
"1,4022335347991E+018",2
"1,38849321457596E+018",0
"1,38694345268909E+018",1
"1,39928305542098E+018",0
"1,39864315176676E+018",0
"1,3906265232758E+018",1
"1,39392922290167E+018",1
"1,40657047475111E+018",0
"1,39434364907338E+018",0
"1,39325095192714E+018",2
"1,40653152850357E+018",1
"1,39069672205419E+018",0
"1,39726277903635E+018",2
"1,4070537425334E+018",1
"1,38862779576556E+018",1
"1,39462428377994E+018",2
"1,38852399414446E+018",1
"1,39858372386041E+018",2
"1,39895359482143E+018",2
"1,38947138062694E+018",0
"1,3884886737889E+018",1
"1,40089048815312E+018",0
"1,38958465560782E+018",0
"1,3884061651728E+018",0
"1,38536403729949E+018",2
"1,39275073318803E+018",2
"1,39438699724299E+018",1
"1,40657161076154E+018",2
"1,39758114498882E+018",0
"1,40396106587721E+018",1
"1,40507656800372E+018",0
"1,385634251023E+018",1
"1,38739869052504E+018",1
"1,38955728472923E+018",1
"1,39461264433055E+018",2
"1,39456280500988E+018",0
"1,38638738870499E+018",0
"1,39862755075937E+018",0
"1,38921285381573E+018",1
"1,38696079692466E+018",2
"1,38534064213028E+018",2
"1,38536096297951E+018",0
"1,39796154010456E+018",1
"1,40147191009812E+018",2
"1,3853415429661E+018",0
"1,39174391218899E+018",0
"1,3853327062178E+018",1
"1,38699908457849E+018",0
"1,39293363698343E+018",1
"1,3946624887933E+018",1
"1,39543168378517E+018",0
"1,38426006272661E+018",1
"1,38945362555085E+018",1
"1,40511708369691E+018",2
"1,39603327786626E+018",1
"1,39852949758714E+018",0
"1,40653993849409E+018",2
"1,4065530591243E+018",1
"1,3840396099029E+018",1
"1,39176341725453E+018",0
"1,38549935003029E+018",2
"1,3910333104036E+018",1
"1,39462700567362E+018",0
"1,38520293234221E+018",2
"1,39166420495707E+018",1
"1,38534510408546E+018",1
"1,40107869380039E+018",2
"1,40583557422588E+018",2
"1,38785377211895E+018",0
"1,39496290035218E+018",1
"1,40404002676219E+018",0
"1,39308504054492E+018",0
"1,39585733162843E+018",2
"1,38537290862574E+018",2
"1,39284931932208E+018",1
"1,39186996225235E+018",1
"1,40659665530724E+018",0
"1,38521219017358E+018",0
"1,39365447818485E+018",2
"1,39429494686616E+018",2
"1,4040323386449E+018",2
"1,39167584340819E+018",1
"1,38840064334642E+018",1
"1,38522728143461E+018",1
"1,39783299734122E+018",0
"1,40395830094588E+018",0
"1,38517933432397E+018",1
"1,38700386186548E+018",2
"1,39277713233039E+018",0
"1,39054187285104E+018",1
"1,3869097275993E+018",0
"1,38559258866166E+018",0
"1,38926159465649E+018",1
"1,39492333319666E+018",2
"1,38419998832706E+018",0
"1,38718422716325E+018",1
"1,38914920550409E+018",2
"1,39434503109659E+018",2
"1,38417888639357E+018",0
"1,3918807025269E+018",0
"1,38529776723346E+018",0
"1,38538198424821E+018",1
"1,38424309403224E+018",1
"1,38411281454603E+018",0
"1,39105224313106E+018",0
"1,39069039231678E+018",1
"1,38855300029426E+018",1
"1,3907473676836E+018",1
"1,40702051525297E+018",0
"1,39096703187749E+018",1
"1,3928795465386E+018",0
"1,3894964055391E+018",1
"1,3906956501536E+018",1
"1,38747772806102E+018",2
"1,38717353408303E+018",2
"1,38515202281145E+018",2
"1,38701822171124E+018",2
"1,3841920265566E+018",1
"1,39361481735374E+018",0
"1,3935623601918E+018",2
"1,39350866919159E+018",0
"1,3884685506969E+018",2
"1,38846565531852E+018",1
"1,3874871325503E+018",2
"1,39455833370991E+018",1
"1,38863688222186E+018",1
"1,38692854034043E+018",1
"1,38836861612762E+018",0
"1,3985049301562E+018",1
"1,38854550145749E+018",0
"1,38881698177687E+018",0
"1,39179469907844E+018",0
"1,40108218301252E+018",0
"1,40405061735467E+018",2
"1,38895158319561E+018",2
"1,38909175886526E+018",0
"1,38772309343572E+018",2
"1,38402925413691E+018",1
"1,39398159571604E+018",2
"1,39059938674967E+018",1
"1,3881512470401E+018",0
"1,38963040615318E+018",0
"1,39065892090617E+018",2
"1,39185945128038E+018",1
"1,38712275636658E+018",1
"1,39902018210274E+018",1
"1,39451080888584E+018",0
"1,39145568391732E+018",0
"1,39863131452646E+018",2
"1,40218647907029E+018",2
"1,40401515045002E+018",2
"1,40657313725326E+018",0
"1,38921483300283E+018",1
"1,39171995309566E+018",1
1.3862917235135201e+018,2
"1,38460108094066E+018",0
"1,40660229250628E+018",1
"1,39222713057503E+018",1
"1,3870650066473E+018",1
"1,38713319619469E+018",1
"1,38746545726394E+018",1
"1,40087284269515E+018",1
"1,40656783198297E+018",1
"1,39145933192586E+018",0
"1,39176401104629E+018",0
"1,38931510497445E+018",0
"1,3940204422524E+018",2
"1,39103306676478E+018",2
"1,38734156077007E+018",2
"1,39748228427886E+018",1
"1,38717141872767E+018",1
"1,3885637168458E+018",1
"1,38963640058536E+018",1
"1,39074395494615E+018",0
"1,38701899371892E+018",1
"1,39461617343883E+018",2
"1,39350968437665E+018",1
"1,39350752863447E+018",0
"1,39310337744225E+018",2
"1,39466891832999E+018",1
"1,40655083015786E+018",0
"1,38399383734167E+018",0
"1,3897209922563E+018",0
"1,38962562499466E+018",0
"1,39145238108748E+018",1
"1,397585095352E+018",2
"1,38916052946647E+018",2
"1,40670806183053E+018",0
"1,3869539462128E+018",1
"1,38640327527309E+018",2
"1,38588792393402E+018",1
"1,39790572957978E+018",1
"1,38424261256394E+018",0
"1,39174756690845E+018",1
"1,38529771013632E+018",1
"1,40658239567181E+018",0
"1,39273880190729E+018",2
"1,38533744578128E+018",1
"1,39416833071451E+018",0
"1,39057148728804E+018",0
"1,387128261227E+018",0
"1,38746124422819E+018",0
"1,3990346239933E+018",1
"1,3921293913969E+018",0
"1,40655377299055E+018",0
"1,39867650956562E+018",1
"1,38746708771564E+018",1
"1,40090126944378E+018",2
"1,40588694011367E+018",2
"1,38693041077349E+018",0
"1,3874997025145E+018",2
"1,3870076593254E+018",0
"1,39418439025582E+018",2
1.3930908018618081e+018,1
"1,38410123549878E+018",2
"1,39057574643599E+018",1
"1,3986872457129E+018",0
"1,38922874724574E+018",0
"1,4065627753133E+018",0
"1,38410673635781E+018",0
"1,39166251601981E+018",2
"1,38932482178857E+018",0
"1,3915104937105E+018",2
"1,39181551472963E+018",1
"1,39864724888868E+018",0
"1,38697381559548E+018",2
"1,39455300005661E+018",2
"1,40398884386766E+018",0
"1,38410446119537E+018",1
"1,38857855584032E+018",1
"1,38588003782035E+018",1
"1,40519101373654E+018",1
"1,40688484560377E+018",2
"1,38510815245944E+018",1
"1,40071412469118E+018",0
"1,38407010914934E+018",1
"1,40655581846033E+018",1
"1,38850331831456E+018",1
"1,40489263621802E+018",1
"1,38963752379895E+018",1
"1,38970275376571E+018",1
"1,4029313561167E+018",2
"1,39095736476173E+018",2
"1,40721341503105E+018",0
"1,40656317260197E+018",1
"1,38713935527845E+018",0
"1,39162751889408E+018",1
"1,39058413632313E+018",1
"1,39452200668773E+018",0
"1,39643774760323E+018",0
"1,40396387949598E+018",0
"1,38859720086807E+018",2
"1,39292244416439E+018",1
"1,39144242662419E+018",0
"1,39285714938299E+018",1
"1,40657170513338E+018",1
"1,38995910414429E+018",0
"1,39911466713444E+018",2
"1,38527073092184E+018",1
"1,39165758004542E+018",1
"1,38410869412046E+018",0
"1,3960032374556E+018",2
"1,3854802971988E+018",1
"1,39255007458513E+018",1
"1,38456760161188E+018",1
"1,39908560107754E+018",2
"1,38718620313346E+018",1
"1,4019225303955E+018",0
"1,40409490257371E+018",0
"1,38844775188569E+018",0
"1,40395722008636E+018",2
"1,38924025139104E+018",1
"1,38525379182665E+018",0
"1,39323674127277E+018",0
"1,38943087147267E+018",1
"1,3940086483352E+018",0
"1,3882832993831E+018",1
"1,38930587316046E+018",0
"1,39579460366037E+018",0
"1,39222504654284E+018",0
"1,38744950406502E+018",0
"1,38427006071423E+018",0
"1,39438344713787E+018",1
"1,39434108273389E+018",1
"1,39429812924829E+018",2
"1,38535373199951E+018",0
"1,38716427515687E+018",0
"1,39048890897945E+018",0
"1,3884700719668E+018",1
"1,39587212316443E+018",2
"1,39308558089284E+018",0
"1,38926353301204E+018",2
"1,39860360057894E+018",0
"1,38639368110877E+018",0
"1,39224976638238E+018",1
"1,40601746461031E+018",1
"1,38844524081043E+018",2
"1,39072934563167E+018",1
"1,39103857438931E+018",0
"1,38516299650315E+018",1
"1,38473391603317E+018",2
"1,38735417649833E+018",0
"1,38745511517974E+018",1
"1,3909821031611E+018",2
"1,39434042847285E+018",0
"1,38691004609371E+018",0
"1,39868979079141E+018",0
"1,39063821211737E+018",2
"1,40659670747174E+018",0
"1,3846476455248E+018",0
"1,39439046395689E+018",1
"1,38864347729095E+018",1
"1,38856977106772E+018",0
"1,38519036084716E+018",1
"1,39464131514978E+018",2
"1,40517313474827E+018",0
"1,39900651084442E+018",0
"1,39852713824079E+018",0
"1,39126234923189E+018",0
"1,38850225327176E+018",1
"1,39047481741399E+018",2
"1,39068620644748E+018",0
"1,39409989500759E+018",1
