Kommentar-ID,Klasse
1384216954488049700,2
1397925083717410800,2
1391853254615699500,2
1383950264403587e3,2
1400755246411006e3,2
1388448085689487400,2
1384275127517401e3,1
1387171224267198500,1
1400062051062538200,0
1389253064431898600,1
1390755644010078200,0
138529468782157e4,1
1395823150601064400,2
1384177140288e6,1
1388472317500706800,0
1394178902818443300,0
1395734685729398800,1
1391669220186931200,0
1388477038475026400,0
139427048136951e4,1
1403955628071174100,1
1400899053211336700,2
1391450817652166700,2
1397876557767708700,1
1394388149195919400,0
1384280192026222600,2
1384129151704047600,0
1386291610141421600,0
1389347579985596400,1
1.3932210244061921e+018,0
1394718227402526700,0
1403954536893591600,1
1388611275060547600,1
1404909861763272700,0
1387003267083817e3,1
1.3840942993237279e+018,0
1403991727980126200,0
1390620221606609e3,1
1403976722555588600,0
1389142989050720300,1
1384051328935096300,0
1398594216209551400,1
1388392214531817500,0
1388504414797942800,1
1406634561061068800,2
1394349234690969600,2
1384188645846913e3,1
1406536413860991e3,1
1385261478152966100,1
1396003459078496300,1
13853523569053e5,2
1389205908903837700,0
1388536544420638700,0
1393488231921078300,2
1388415928312995800,0
1387366495173349400,0
1396926567582941200,2
1394993211525959700,0
1404001023568527400,2
1394181306397905e3,1
1391792197582966800,0
1396873322030370800,1
1390614869112668200,1
1388594101700993e3,0
1398630962225991700,1
1387772816611844e3,2
1399083844985315300,2
1386908932740984800,1
1387436416787894300,2
1386930659088912400,2
1403022511781130200,1
1384251659505700900,1
1391038733030502400,0
1389470501316268e3,0
1401612268094251e3,0
1406580858237161500,0
1395758392887718e3,1
1388862773422084e3,0
1388555109571903500,1
1396924761893179400,1
1384081434336317400,1
1404019098435174400,0
1387794185235968e3,1
1388514696177795e3,0
1390721503134556200,1
1393176206359552e3,2
1404127321800560600,0
1384177684444373e3,0
1393241968105468e3,2
1386933003901972500,1
1405531900114915300,0
1389114018644779e3,1
1388556062668861400,1
1389508938073313300,1
1388484441056686e3,0
1385126008722968600,2
1391632068283715600,1
1387163196482592800,0
1392978561884119e3,1
1392215752007209e3,0
1391672628100968400,1
1402280625441325e3,0
1384466065472860200,0
1398976685760991200,0
1388102659983487e3,1
1385329259036782600,1
1396048341520240600,1
1403950255943688200,0
1403976699403030500,0
1389217928529199e3,1
1385332993703792600,1
1393486211784843300,1
1.3949365517177119e+018,2
1391672031322722300,1
1389629586003173400,0
1391905778399842300,1
1391745388424536e3,1
1395678806866907100,1
1396942978921517e3,0
1389106372374147e3,2
1391762737513083e3,1
1385532678326337500,0
1386450671872974800,2
1387006658065453e3,1
1388496704551497700,1
1390792283742670800,1
1389159418944700400,1
1389249124738945e3,1
1390787939228082200,1
1403968208940454e3,0
1394246942469787600,1
1389116715372585e3,1
1385176653073105e3,1
1398747529173520400,2
1404006487119249400,0
1405053217126428700,0
1392413085303033900,1
1404198099321491500,0
1391257990595022800,0
1386355632681463800,0
1387329461444620300,1
1391795986515861500,0
1385191053167300600,1
1406539341296504800,0
1389577704433983500,1
1389528667676622800,2
1386303568525750300,2
1391641465902846e3,0
1401497225331499e3,1
1401478748675924e3,1
1389669728059265e3,1
1391728020097015800,1
1395103423192838100,2
1397156213394182100,0
1397978635273912300,1
13875076319302e5,1
1403971409387327500,1
1387342634809806800,2
1393436020167921700,1
1397579535206568e3,2
1402903880237715500,0
1405205875770462200,0
1385375110417330200,0
1406544255527665700,1
1394889680223711200,1
1405925849795379200,1
1398007354407391200,1
1406562291072614400,0
1387454310498410500,0
1399150989341565e3,2
1384499994481340400,0
1387464985979363300,1
1384148505913041e3,0
1398611830893842400,0
1403285784136982500,1
1406558162170400800,1
1406564808024076300,1
1385483337196884e3,0
1392891477198528500,1
1386992027259347e3,1
1388565427748548600,1
1385120460094967800,1
1390618069232406500,1
1398593247379853300,2
138931910801818e4,1
1405163301194113e3,0
1391734954850193400,0
1391889677192413200,1
1385228588128116700,1
1392922033701494800,1
1387387625263308800,1
1385968077087682600,1
1384222150937120800,0
1385100770002063400,1
1385259193767190500,1
1389138623874875400,1
140399373505946e4,1
1394667008537542700,1
1399270527714226200,0
1393458081628049400,2
1388370231148621800,0
1389186140188598300,1
1395692511667105800,2
1385246469511331800,1
1.4009408036445921e+018,1
1392856890024026e3,0
1403999663439630300,0
1392495026542891e3,1
1385095472180777e3,1
1391694583462047700,1
139870694947106e4,2
1389160359509074e3,2
1390535781429792800,1
1394351105715355600,1
1390559375102816300,2
1388602764759113700,2
1389344774226858e3,0
1394975856838254600,0
1391694654412886e3,1
1387329858565509e3,1
1385291304419082200,1
1391676463141818400,0
1394539394397266e3,2
1393992742099894300,1
1390553944523485200,0
139165491703987e4,0
1400936738562977800,1
1392797417796423700,2
1385346903890702300,1
1386530058857291800,2
1393955422722302e3,1
1394344946602332200,0
1385170466227241e3,1
1404890478596833300,2
1.3844594559081759e+018,0
1397840397393596400,0
1392245373146697700,1
1385309167032881200,1
1389289957290909700,1
1406537451674472400,2
1392937347696705500,1
1406591846369927200,2
1404211597183275e3,2
1400873822824378400,1
1392901603737354200,2
1403730821509488600,0
1405192012693975e3,0
1389718485954142200,0
140385674040021e4,1
1390709428106694700,0
1.3935863864024801e+018,0
1393672436315459600,1
1393969645087076400,1
1390639502264262700,0
1393125566597976e3,1
1398637152573997e3,2
1390769663689302e3,1
1403925807471419400,0
1390549200233013200,1
1404917133939720200,0
1391798987607482400,0
1390955560149864400,0
1403989350581473300,0
1394000329142935600,0
1397923455480172500,0
1390584091439992800,0
140658311084689e4,1
1389650613278019600,1
1388520172823228400,1
1389568938246381600,1
1385532266357661700,1
1405806791175426e3,0
1401298443084181500,0
1385370828079083500,1
1385326346986041300,1
1387132286605332500,1
1391673563992760300,1
1401941840341917700,2
1389575839537270800,1
1405065248101613600,1
1385129140031037400,1
1389570307040682e3,1
1384180287471460400,0
1390530380390977500,1
1393959772647473200,0
1397996750628167700,0
1389659872715759600,0
1385348527161811e3,1
1394178052570157e3,2
1404149678724239400,1
1388555135975100400,1
1394382311400018e3,1
1404909720981409800,0
1406497399783280600,2
1397227440687157200,1
1404910101983551500,0
1394738653881118700,0
1401612068801941500,0
1384190013655552e3,0
1387290533299736600,1
1385251662827241500,1
1384254156735611e3,1
1389473175352844300,1
1387056057617420300,0
1386325116393599e3,2
1394617295922684e3,2
1385127101855064e3,0
1394344732306952200,1
1387354500822933500,0
1389510713857781800,2
1386924282014482400,0
1388843816082448400,2
1406579438108790800,0
1385189952082808800,1
1406571916341743600,0
1391878631115395e3,1
1389140421423603700,0
1406569252468019200,1
1391639455732281300,1
1384078375359185e3,1
1405804627447136300,1
1403652286174445600,0
14023729861545e5,1
1384015961636831200,0
1405460987625586700,1
1407233551985168400,1
1386476458416263200,1
1390758154628173800,1
1406580726301081600,1
1390997637382525e3,0
1393637866186608600,2
1384118935537156e3,0
1389517100075651e3,1
1388593490406293500,1
1385355174370283500,1
1387507344813215700,2
1389277199740637200,0
1390754016204820500,1
1392724235982934e3,1
1388550956313415700,1
1383933685519437800,0
1385355476876107800,1
1386491559667961900,2
1385268733803966500,1
1391760062272712700,1
1402194376542015500,1
1406543439592820700,0
1406623416875114500,2
1406558013419364400,1
1385316520759287800,1
1389314509194543e3,2
1384253482861957e3,0
1401596318200602600,1
1389652185928147e3,0
1.3893212950668001e+018,0
1388440247806070800,1
1400941859485139e3,2
1390679978694561800,0
1384151301743808500,2
1393628497655083e3,0
1403656455702581200,1
1389182061806772200,0
1391829004253077500,0
1384191884961017900,1
1395109142000541700,1
1386344869795336200,1
1406855334711464e3,0
1387017204839948300,2
1396159534352281600,2
1391805485796544500,0
1387375632326316e3,1
1391505762598465500,0
1390664105971929e3,0
1404203174802624500,2
1384244406048358400,2
1398554929057386500,1
1394465669685645300,0
13927583518435e5,1
1396422605108916200,1
1384205191944097800,0
1391673002723586e3,0
1389200866117361700,1
1385335861018087400,1
1384227434828943400,1
1387342014153375700,1
1389640981117644800,0
1384196461294866400,1
1384291211624607700,0
1390559107443273700,1
1395087419213590500,1
1384022021097418800,1
1392782384077189e3,0
138695184620032e4,2
1384480352102764500,0
1401612651898282e3,0
1406553904763048e3,1
1388434127490191400,0
1401585192142246e3,0
1395686318068453400,1
1404008961767006200,1
1395815464341758e3,0
1385160737878945800,1
1387329856636084200,0
1388582998828847e3,1
1391629039740362800,0
1389706411769307100,0
1404931495085723600,0
1391121760565792800,0
1404537012661653500,2
1391563836122091500,1
1387006654160507e3,0
1386951052243705900,1
1403968170432635e3,1
1393126810171453400,2
1398024101617451e3,0
1389390326465454e3,1
1398564585217609700,1
1389268299217789e3,2
1394155459167367200,1
1385149966272839700,0
1398643019725877200,0
1406565739029540900,0
1398959157974388700,1
1386276785780891600,1
1391851465644421e3,0
1389664297182187500,2
1404892178908864500,2
1391852721737814e3,0
1395760911563075600,1
1406525793665269800,0
1395797008238190600,0
1392139545337073700,0
1388820142235193300,1
1406012191225098200,1
1394289372736929800,1
1384238348244422700,0
1388457106282582e3,1
1392999565540925400,1
1391836465122926600,1
1391810834683375600,1
1397582407868506e3,0
1384277790858510300,0
1390576229800202200,1
1389183327379333e3,1
1405075015222104e3,1
1405240143661969400,1
1386446879785902e3,0
1392165694431764500,0
1390776191783669800,1
1398589034876842e3,1
1390614947390963700,1
1400026534140907500,1
1393194062715445200,0
1384145752537006e3,1
1389092166702674e3,1
1394349746437898200,1
1400064442226942e3,1
1398559384658235400,0
1387359548000899e3,1
1388578404874739700,1
1388600951821459500,1
1394376622049046500,0
1384126148351643600,1
1394302269911445500,1
1386443886906773500,0
1384163807476392e3,0
1396930937204662300,1
1405461193742037e3,2
1393707063512113200,2
1395035240914108400,1
1394345238341243e3,2
1397600460735926300,1
1399354354583445500,1
1384565802846892e3,0
1388597403712905200,1
1384160738520879e3,0
1389607506637463600,1
1391613856275906600,1
1388478779882971100,0
1389920848375685e3,1
1395863843155452e3,1
1397245613494968300,1
1393977938463363e3,0
1.3984680747020001e+018,1
1394402668777443300,1
1404900532855115800,1
1404897312674037800,0
1385134860004728800,0
1392028274986037200,1
1385513916239913e3,2
1389536434206527500,0
1391801502730231800,2
1403687246319042600,0
1384066427334795300,0
1406559520680198100,1
1401921634156662800,0
1391801265735311400,0
1397843978846941200,2
1398525760634339300,2
1405050667929149400,1
1397450342619570200,2
1398674578138878e3,0
1386339409101004800,0
1405857291442733e3,0
1386449640174899200,0
1395363736391671800,1
1405242973978304500,2
138524749120614e4,1
1403661141625213e3,1
1390644012168720400,1
1389178588595986400,1
1404911426653888500,2
1398569647461519400,1
1392968981821149200,1
1402924366258753500,2
1388608189663486e3,1
1385297471677550600,1
1404015815687651300,0
1400199514858963e3,2
1388526905536692200,2
1.3853751925710561e+018,0
1406513434934526e3,1
1388465215465996300,1
1395735126324228e3,2
1384087079127187500,1
1403984915427901400,1
1394611952236863500,2
1404000557761646600,0
1384076387527446500,1
1390072974280167400,1
1393181272411975700,0
1387327315651166200,1
1399225635889946600,1
1387337906042417200,2
1396128194433007600,0
1391691100746825700,1
1392817823735505e3,0
1391881424639254500,1
1390754591747317800,0
1385218620138168300,1
1387118471532761e3,1
1384076573767176200,0
1387092044712222700,1
1395710425682034700,1
1406707920620900400,0
1387488167247351800,2
1395044599773728800,0
1390952872108511200,1
1389188944127012900,1
1391622502905e6,0
1388456519180734500,1
1400950470471004200,2
1406553733295657e3,1
1384109991045390300,2
1394921363270512600,1
1388502805384675300,1
1385599233743540200,2
1386414728654704600,0
1406629510108401700,2
1387113208587169800,2
1398742681128472600,0
1391867363000258600,1
1389967405653311500,2
1397630714842124300,1
1386391079797215200,0
1401007324014297e3,2
1405062930400415700,1
1393112453601497e3,2
13966915290839e5,2
1391660843591471e3,1
1400917907807293400,1
1389990503744217e3,2
1390746227109765e3,1
138756241325235e4,0
1403665082945609700,0
1385555897259380700,1
1404107412089589800,1
1394624882206560300,2
1388478511560671200,0
1400018380376191e3,0
1397226629676548e3,2
1387426446809968600,1
1393669631060107300,1
1387015511821672400,0
1389303961182777300,0
1392778459584270300,0
1401134575154307e3,2
1390619869285163e3,1
1389599942633836500,0
1392764724987695e3,1
1404152191984746500,0
1391008709351022600,0
1402936946767372300,2
1390508054064607200,2
1394065533734162400,1
1406598209858945e3,0
1393555711251079200,0
1384661307719393300,1
1385339381435732e3,2
1393540313155842e3,2
1386320439144816600,1
1391823510025146400,0
1406555662897778700,2
1391452518513791e3,0
1389213053250678800,1
1385622322120433700,1
1391670658359234600,1
1393137852733665300,0
1394378801744949200,0
1388516525481599e3,1
1390682879945023500,0
1404120248165535700,2
1390691886810161200,1
1400883933848420400,2
1401006017123651600,2
1393619984329363500,0
1392220277518610400,1
1389588872926015500,1
1386987103838523400,0
1384291081517375500,0
1391649561815527400,2
1391548389276455e3,2
1389336889971417e3,2
1391637714810900500,0
1384265821627682800,0
1385331324660031500,1
1387329247837048800,0
1404889000205246500,1
1394336761317412900,0
1394015234310951e3,0
1389272521325822e3,2
1393959480547807200,1
1391777444177358800,0
1399997517866147800,1
1391778161315172400,1
1399221257162342400,2
1394299923512897500,1
1384078922543812600,1
1406518451640975400,2
1388499896605548500,0
1388441251754676200,0
1384126735109611500,1
1388459212561395700,1
1391036092636356600,0
1390598406918258700,0
1384120511957913600,2
1405322660456902700,0
1389437808423669800,1
1384228513180381200,0
1388301240082342e3,2
1406526181847994400,0
1384230257746604e3,1
1390576978370117600,1
1387162656549884e3,1
1391697754515288e3,0
1393585017708851200,1
1389653216015659e3,1
1393950138792616e3,0
1386361142675660800,1
1389157674084884500,1
1384550485378674700,0
1404330400663621600,1
1393354305848103e3,0
1389220883076632600,1
1394594251179233300,1
1384129974710390800,0
1384605634868416500,1
1405206597559849e3,0
1396903781879754800,2
1384598185356767200,1
1392127774878490600,0
1390627713652830200,0
1398220155579158500,1
1393120201294684200,0
1387007480169963500,2
1389303905415278600,1
1386959637140934700,1
1394979571963945e3,1
1393477790557687800,0
1393511635504058400,2
1384221535502704600,0
1394960873664417800,2
1391606652579815400,1
1392740239978926e3,0
1384463454208135200,0
1387475744872444e3,2
1387179226508533800,0
1385225593206329300,0
1385184487529721900,1
1400895604377763800,2
139176971740527e4,1
1390582055654862800,0
1391014933442306e3,0
1389609171025375200,1
1396408920294441e3,1
1398554422070947800,0
1396927232338284500,2
1385370524415635500,1
1384136254476877800,0
1384022727053299700,1
1393501678205341700,1
1393572380665131e3,1
1390549990712520700,1
1397816676033384400,0
1388618848195293200,1
1387333390190497800,1
1387160253314355200,0
1406696502437814300,0
138403807521545e4,1
1384240655149375500,0
1388397436717174800,1
1398003824405663700,1
1387011512896733200,1
1386356129622642700,0
1390806040070004700,1
1403747987008991200,1
1389684014781448200,2
1406933553770868700,2
1406180749351522300,2
1384553139861344300,0
1.3869889020204319e+018,1
1396946421568393200,0
1391833443001065500,1
1391818746650636300,1
1403982453270892500,0
1387041304119419e3,2
1403987618795339800,2
1391132376026259500,1
1388505376887296e3,2
1396928364833874e3,2
1393521465832640500,2
1387056551261737e3,1
1392124463563559e3,0
1387505816442388500,2
1391764840780341200,1
1394671317467676700,2
1390729803922382800,1
1387479165797032e3,2
1385333315671036e3,0
1396405553526710300,1
1391903602013319200,1
1386930636481564700,1
1403807734588395500,1
1398607166127362e3,0
1392794999897661400,1
1391773802657468400,2
1391654123821482e3,1
1403989908864307200,0
1405064899231989800,1
1384105260759732200,1
1387159686147973e3,2
1387086242471350300,0
1.3887559749415199e+018,0
1391808351030456300,1
1404905670676209700,0
1406557162244128800,0
1388538866496426e3,1
1384170526638100500,2
1386343546098233300,1
1400021837694767e3,1
1389669864726478800,1
1387163674117386200,2
1390699928154955800,1
1384219259924992e3,1
1385323419739299800,1
1391784007713448e3,0
1406582678024032300,2
1400029346723676200,2
1401102601282855e3,2
1406565545294581800,0
1387056551307858e3,1
1387329183546753e3,0
1391715003254853600,0
1387333013185482800,0
1387154725435547600,1
1389550555001983e3,1
1406529315068682200,0
1391766176309579800,1
1384069837412913200,0
1385363412327313400,0
1390566995293257700,1
1.3882968976564961e+018,0
1406888236094529500,2
1396951400731529200,1
1401902308879966200,0
1391697513367879700,0
1389165235542626300,0
1396385445282558e3,2
1391723649200238600,1
1405435155028775e3,0
1384478223736639500,2
1389318320495763500,0
1388454845137498e3,1
1406569115909771300,1
1385146015049715700,1
1389601394945142800,2
139674946601583e4,1
1384284522548658200,0
1403934676331470800,2
1385820410143518700,0
1389096978798334e3,1
1391637825100124200,1
1385318389426557e3,1
1394000200134545400,0
1385499384461283300,2
1404205000172126200,1
1385573853368303600,1
1387040777168162800,1
1394339559345954800,1
1391110765101334500,0
1404926051575292e3,0
1391628162153558e3,1
1392222138967412700,1
1403750779899555800,1
1405221091329679400,2
1384104859616481300,1
1389129650442489900,1
1392881008824012800,1
1389625107845423e3,0
1391085826155716600,1
1384236873208324e3,2
1401634624221200400,0
1393623198592295e3,1
1400804821280739300,2
1403953350127857700,2
1390960379296104400,1
1385101726873706500,1
1388571586773586e3,1
1389549752619085800,2
138629198257476e4,1
1393490056095096800,0
1400223757050925e3,2
1391376729525129200,0
1396457383505891300,1
1385225412234686500,1
1390760358936293400,0
1387129767871324200,1
1384220356940992500,0
1406978117919559700,0
138699500518153e4,1
1389582785954865200,0
1395701890885750800,1
1384131968695038e3,1
1389614190831222800,2
1391703728047145e3,1
1387064029861064700,1
1385280738841538600,1
1389479181944123400,2
1406533524660928500,0
1400577979516919800,0
1390993320529301500,0
1394696590112219100,1
1387341537525309400,0
1388549830293823500,0
1406542638212333600,0
1391727513618030600,1
1385094565540081700,0
1404104266646687700,0
1406564576884371500,0
1385475175634854e3,2
1384195564468723700,1
1398873173379195e3,1
1405214268954497e3,1
1406868532340592600,0
1385242368970997800,1
1385335707443634200,0
1389130706048196600,1
1400845156245463e3,0
1394361928886128600,1
1.3885660610464481e+018,1
1401083866937503700,1
1396927673142808600,1
1405270793546702800,2
1387355937753682e3,2
1391278428964458500,1
1395681854297149400,2
1387329366489714700,0
1394555878754472e3,0
1404008979802562600,1
1389873391017025500,1
1385508984774434800,1
1398691611337543700,0
1391620657214017500,1
1406598035128426500,0
13896046891305e5,1
1384111603856011300,2
1400755635709485e3,1
1385197975991902200,1
1390770675707695e3,0
1386920425574355e3,1
1403970175398035500,0
1389704033846186e3,2
1387734727969357800,1
1388434803930845200,1
1400874895047893e3,1
1384041188240461800,0
1392762251631861800,1
1387374853913825300,2
1393132052397052e3,0
1389584690487730200,1
1384567760630558700,2
1403972477542404e3,0
1398596252246347800,2
1386854822230495200,1
1400878312638058500,1
1400916241875939300,0
1385529818247278600,1
1406564256523432e3,2
1403983366853169200,2
1391657120328736800,1
1390646086814077e3,1
1405084679921864700,0
1389610711316418600,1
138917633299157e4,0
1392066953049694200,1
1396739869116878800,2
1385211737801101300,0
1384104119003091e3,0
1384071651935936500,0
1397591944516210700,1
1389269647535579100,0
1385332793467711500,2
140689021833941e4,0
1390747141526728700,2
1391671531198103600,1
1406534229622767600,2
1384212658161819600,1
1404915663332855800,1
1392737017369403400,2
1389660296692838400,1
1405373343121895400,2
1385345226601025500,1
1392936001576874e3,0
1403950435342422e3,0
1406917135000125400,0
1384471001929506800,0
1406550822952001500,0
1393629957742547e3,2
1390636294879932400,2
1385549358591094800,1
1393487332913909800,1
1389546930963984400,1
1384100972985688e3,2
1.3869539793017119e+018,0
1385340646437933e3,1
1406595163611357200,2
1403784221953564700,2
1384266593031520300,2
1406524859501404200,2
1398552613306654700,0
1385135785456832500,0
1388596891961671700,1
1391678133028409300,0
1384458807682732e3,2
1399228895237378e3,1
1405241411587412e3,2
1406908261505327e3,2
1386471106874331100,2
1406590622560051200,0
1405126015647686700,1
1406542537645510700,1
1390588824485605400,1
1387518467897806800,2
1406578966220136400,1
1389200518086602800,1
1391876423091163100,1
1406627978285551600,2
1389270022749577200,0
1394552210667737e3,0
1393991178098548700,2
1404909757492772900,0
1405025958755766300,1
1402228817763111e3,0
1391852400621858800,1
13906539113175e5,1
1403952301673431e3,1
1402194011033571300,1
1391710167482478600,1
1390724173060878300,1
1403669209750589400,1
1387133378185601e3,0
1385108170746499e3,0
1385190190420045800,1
1406551508607512600,0
1385352895839748e3,2
1390733962021060600,1
1.3871288075267359e+018,0
1386968227088044e3,1
1404335362093224e3,2
1393877013224644600,2
1393056526491865e3,0
1397798163826741200,0
1394392765505720300,2
1391621187474702300,1
1391660901669945300,1
1384818858456924200,1
1395001621772488700,0
1404127128396968e3,0
1384148153327259600,0
1389608856767041500,1
1396442993515761700,1
1388843818900938800,2
1397304633207427e3,0
1384460438696513500,0
1389690025093345300,1
1385337068662972400,2
138701128483575e4,0
1406538954967552e3,2
1385258636470063e3,1
1396025200593064e3,1
1406600156959719400,1
1406878366242910200,1
1405931295008559e3,2
1387079331030225e3,1
1389154206116941800,0
1388464861735227400,1
1392131797354430500,0
1.3885078643990241e+018,1
139310263324681e4,1
1390951044788756500,0
1386421575323242500,0
1401596013316612e3,1
1388383388944326700,1
1405810636198748200,2
1388474075979423700,0
1388400163341979600,0
1392155932667392e3,1
1397084283920167e3,1
1386990500872401e3,0
139724387522859e4,0
1401291537498128400,2
1384947869032099800,2
1391754744469803e3,1
1389237199518982100,1
1387329655598878700,0
140403030047744e4,0
1386924312041595e3,0
1403692113842393e3,0
1387676047110549500,1
1393191616354168800,2
1385230622050988e3,0
1404112265524228e3,0
1398563305296482300,1
1388516309323878400,1
1388864788739022800,1
1388999476359147500,0
1406562848508199e3,0
1384244403380711400,1
1384203406282084400,1
1405074754864877600,0
1393602438431756300,1
1388503242041135e3,2
1387420218914443300,1
1400905650289451e3,2
1398929015432429600,2
1391636738225983500,0
1406583184192684e3,1
1386953358540476400,1
1389283871309680600,1
1.3928667706467041e+018,2
1394610292080840700,1
1406574599979077600,0
1384246503640756200,2
1386603254696628200,0
1406753568699437e3,1
1389371139357614e3,0
1391693078659051500,1
1403674479679754200,0
1391748522001719300,1
1387106212626550800,1
1402900744190283800,0
1406541141001003e3,2
1384276313792417800,0
1388201682622877700,1
1397581404674961400,1
1386569272705572900,0
1393484109184372700,2
1392239127454752800,2
1403693334233849900,2
1396482569252790300,1
1388459182362345500,2
1385350027158118400,0
1397894044957749200,0
1397580493013627e3,1
1406573915028217900,1
1387361674286534700,0
1406558021111648300,0
1391758226463539200,2
1391693126536925200,1
1404912906941223e3,2
1391723060194123800,0
1390727125133627400,1
1394363870634987500,0
13942352492201e5,2
1402901578215039e3,1
1391687596963680300,1
1392948402653171700,0
1405060814697111600,1
1384266688175087600,0
1397285707870318600,0
1391819125975048200,1
1384131401109278700,0
1405111785204719600,2
1393097381407862800,2
1406582009967874e3,2
1399149266153656300,1
1405103841440407600,1
1388431581602254800,1
1392916395990655e3,1
1389586541719269400,0
1391771148338278400,1
1386913327834714e3,2
1385335191309258800,1
1390762238458347500,0
1384475789413032e3,0
1388546694372024300,1
1392897972254412800,1
1387128591926825e3,1
1404086664054575e3,0
1398554517147426800,0
1391726522029969400,1
1390573441032589300,2
1392797966721769500,1
1386933922672611300,2
1393104653995454500,0
1384039584816787500,0
1384213372518867e3,0
1389681912835416e3,1
1403970132251119600,0
1387723839229112300,2
1387363489531023400,1
1401007825199972400,2
1384292731401371600,1
1384456535548518400,1
1.3841590216874721e+018,1
1393661569435947e3,2
1390587064157098e3,0
1391789035404808200,1
1406559110447915e3,0
1405249312062312400,2
1385082968947974100,1
1387127986248372200,1
1407020838759678e3,0
1.3994872661338399e+018,0
1390999126695874600,0
1399272696702279700,1
139500559626965e4,2
1401498624480231400,2
1394370122991784e3,1
1405260611148292e3,2
1398553055893803e3,0
1397854305483427800,1
1393983951778295800,2
1394544042818654200,2
1393623116497236e3,1
1389160606964621300,2
1386910283977969700,1
1384190413808935e3,0
1385474955807240200,2
1403963789544931300,0
1387449268680773600,2
1391002483380695e3,0
1385323298569982e3,0
1388543367907315700,1
139308782867499e4,0
1400902627748110300,2
1400757211094306800,1
1387128168365101e3,1
138919566429116e4,1
1384554260935938e3,1
1387330206491365400,0
1389946571370946600,0
1387502796539404300,2
1392360856181223400,0
1388783647403221e3,1
1405161343045587e3,1
1389227696069165e3,0
1394238895638958e3,1
1384202943616872400,1
1396145602631774200,0
1396038711528329200,2
1397859339201921e3,2
1391659455864053800,0
1400946339245183e3,0
1390558691485786e3,1
1405034582387351600,1
1406579725070487600,0
1384278814306357200,0
1393967739371393e3,1
1398526938260676600,0
1398614332200652800,0
1384147757850452e3,0
1404916713733435400,0
1384284502743076900,0
1393086934432485400,0
1393957350550167600,1
1388426998666702800,1
1394904605520183300,1
1.3917906608989921e+018,0
1387361110081298400,1
1403970394508435500,2
1388582758872715300,1
1393125781208014800,0
1385368843355365400,1
1389632981300547600,1
1387018868946833400,2
1384210360899567600,1
1385346594405589e3,1
1396438444986048500,1
1387476570206523400,1
1387019573694713900,1
1384530546294931500,0
1405228323345776600,0
1387033889353371600,0
1406611239204184e3,0
1391785233490620400,1
1401607997747572700,0
1389917486057988e3,2
1385504170627719200,2
1385320375844851700,0
1384467800022999e3,2
1406550035022635e3,0
1400177990852558800,1
1388436294779510800,0
1388625081178415e3,2
1406547016189161500,1
1387372897321341e3,0
1389602179065991200,2
1388447528262250500,1
1390615384181649400,2
1389098190121672700,1
1405276418372620300,2
1387034359270572e3,1
1387480516711043e3,2
1390625761871155200,1
1385314203376959500,0
1393129237297643500,0
1406865452773544e3,1
1406675260993310700,1
1393693015953264600,0
1389511695543017500,0
1384128154743107600,1
1387013614926696400,1
1384117063577309200,0
1401594561835774e3,1
1399319334359548e3,2
1398185193152954400,1
1388921366938853400,0
1388467272138862600,1
1385347119805091800,1
1393619854704496600,0
1389211189054423e3,0
1394139658150371300,1
1392820454927343600,0
1393581964196712400,2
1404000693204226e3,2
1395852211809357800,0
1393504805520351200,0
1392745012258033700,0
1389701159573672e3,1
1384606985925111800,2
1401192411267801e3,2
1393172622633054200,1
1384140069036904400,1
1406698981892165600,2
1388573405687976e3,2
1384165422828646400,1
1389243477070860300,1
1398689858537787400,2
1404337698379288600,2
1401006584847810600,2
1401898813850325e3,1
1387099914174337e3,2
1388552604209356800,0
1385167403387170800,1
1388561623376334800,1
1389212809913897e3,1
1391621599317708800,0
1401290298937032700,2
1387146448417001500,0
1388429323808485400,2
1387104445461368800,0
1388430750844964900,1
1385228464375038e3,0
1389358245848965e3,1
1393976114884788200,0
1386363337366286300,0
1390728947852144600,1
1398641175544860700,0
1390729758217019400,1
1403953462623232e3,0
1391677853050228700,0
1404043520651022300,2
1406547443081175e3,0
1387476796392808400,0
1391823104612184e3,1
1391780692900647e3,1
1400843351486763e3,2
138696750113382e4,0
1404917903082852400,2
1385137183049322500,1
1406583643108262e3,2
1393565474689007600,0
1392928727961636900,1
1405217989075554300,0
1385345041628110800,1
1390767731948068900,0
1393287060681801700,0
1398019683241054200,0
1398395775600808e3,0
1404916958496166e3,1
1391778811503681500,0
1394352716558766e3,1
1391735941518221300,0
1398295251715072e3,1
1384200824256012300,1
1394572401611051e3,2
1406595899904692200,2
1390721894043766800,1
1384221605132337200,0
1384283356674756600,0
1392731722878439400,1
1404043794358669300,2
1389611083950874600,1
1394526965282091e3,2
1388819932763279400,2
1403663059474960400,1
1386298215960563700,0
1393977325797118e3,1
1393929629962997800,0
1388432397381869600,0
1395089067780542500,1
1388169011595292700,1
1385336627359273e3,1
1388482212555894800,0
1405948283999211500,1
1385343199967948800,1
1389684623928610800,0
1385225205824594e3,0
1401655889212412e3,0
1391669701697282e3,0
1387418123989655600,0
1393636788498014200,1
1384457595554082800,2
1384179422715019300,1
1389268019436822500,1
1389528019350560800,1
1392120652753252400,1
1393591610181566500,0
1391450950586585e3,2
1405972905343688700,1
1391706076018614300,0
1385173155275284500,0
1389687259406950400,1
1387026079630647300,1
1398903190511403e3,1
1396420061460635600,1
1385325722445795300,2
1389519472210423800,1
1398589946705891300,1
1385204437422071800,1
1389436232673996800,1
1392771399090163700,0
1385277828808249300,1
1406588571285430300,0
1389148544788009e3,1
1396109616564641800,2
1388296741116653600,1
1404901062163714e3,1
1400030748191625200,1
1386382994785591300,0
1387452188952338400,0
1386923068409450500,0
140655645019802e4,0
1406624454315286500,1
1398614323405246500,2
140002429640004e4,1
140539087161754e4,2
1384086399205269500,1
1404912879330119700,1
1387460714995097600,2
1389249108582535200,0
1396375000437952500,1
1398601806335389700,1
1404889998277714e3,1
1384649117415219200,1
1394400415169630200,2
1385133063617777700,0
1387476291817988e3,0
1388606806151385e3,0
1386431005972697e3,0
1393221404720517e3,2
1398968179041439700,2
1397542486952792e3,0
1389510804773429200,1
1387030088106061800,1
1384021511216926700,0
1406920827103289300,0
1385020977638166500,1
1404007605987594200,0
1391647631986897e3,0
1405992466310959e3,2
1389607102101008400,1
1400933111051980800,0
1404904324417925e3,2
1405116077114265600,0
1387328277417713700,0
1391698290731851800,1
1387507117720961e3,0
1393101141492314e3,0
1389464684626124800,1
1394308486713024500,1
1396914335029637e3,1
1392057527307751400,0
138860979296555e4,1
1404316788230328300,0
1404010080123736e3,0
1389123334764470300,1
1406888189009268700,0
140655429338633e4,0
1387375080305483800,2
1385195721473810400,1
1384255273557053400,2
1400420670530592800,0
1388409176955760600,1
1398621956497457200,0
1391735497643511800,1
1394617203132178400,1
1393487630126440400,0
1406990704673439700,2
1387392900837912600,1
1389591773488500700,2
1386995299843969e3,2
1.3842454169511199e+018,0
1401607678103806e3,0
1384028106042667e3,1
1384198296621654e3,1
1393491868302909400,0
1405871506673053700,1
1401479225492885500,0
1387869625187278800,0
1389700749060448300,1
1385257772481138700,1
1389449453552160800,1
1387463063809441800,1
1.4053978721624801e+018,0
1406537429100773400,2
1387475211138879500,1
1389107256256606200,1
1392800017593905200,1
1387496249239220200,2
1388477536380858400,1
1398648145463099400,0
1387331212025467e3,2
1393981677731467300,1
1395042396065443800,0
1398541632685973500,0
1384188078445645800,1
1386453848794046500,0
1397521661616959500,0
1403994387433017300,0
139165103303467e4,1
1388496591716237300,0
1389660766903668700,1
1389147027565600800,0
1405870795298062300,0
1.3986006120408801e+018,0
1391649290095890400,1
1404130286003179500,0
1388429839133134800,0
1389607288751673300,1
1391651961720672300,0
1390677311041716200,1
1389687533903175700,2
1398760005244010500,0
1392741399833895e3,0
1406568622949032e3,0
1391782448955072500,1
1407337529569915e3,2
1388486174210240500,2
1393573106283958300,0
1391731538702880800,0
1387285355481677800,1
1393114958506901500,2
1396901881327276e3,1
1395316455260967e3,0
1394710737105432600,1
1406577554111275e3,0
1392823510838481e3,1
1404323149810909200,1
1385381790731358200,0
1392120699507073e3,0
1396750891609436200,1
1405084163242348500,1
1391734105826644e3,0
1391105244063481900,0
1398383910220927e3,1
1404909289282625500,1
1404000333039349800,1
1399300236284149800,0
1389231510583132200,1
1396090804800835600,0
1385608227086389200,0
1404038357831848e3,0
1387325883527188500,2
1385316445609992200,1
139659863560183e4,1
1393672156085694500,2
1395517201029992400,0
1403976122216353800,0
1384234619311038500,0
1388391191645917200,1
1389459904742764500,1
1390348313686388700,1
1384128034505035800,2
1384463126259802e3,0
1388368301693231e3,0
1403719590715199500,0
1405081324206055400,0
1384091003934572500,0
1396925935149109200,2
1396886797125308400,1
1389121779080249300,1
1397602812830302200,2
138932210506231e4,1
1393960932674506800,0
1387366442237059e3,0
1386370072449589200,0
1389267682621546500,1
1387503300472361e3,0
1394679292320231400,0
1385113790463762400,2
1384103253365854200,0
1387508117706002400,2
1390586488816128e3,0
1389145650764386300,1
1392125989644296200,0
1384231056736284700,1
1398184464543539200,2
1391657724920881200,0
1391797861004849200,2
1385125990398140400,1
1389298695888277500,0
1384179062160064500,1
1385345888982274e3,1
1389152096533065700,1
1387110875895566300,1
1393968670838243300,1
1385368372276342800,2
1385118225029996500,0
1389236818080673800,0
1391011172799991800,0
1388485010257289200,1
1388456692967518200,1
1406564894137372700,0
1388957996093423600,0
1387094548724297700,1
138598422712499e4,1
1388566035327029200,0
1390760578898186200,1
1405231379143667700,1
1391891463504638e3,0
1387157107833819100,1
1387132811249954800,1
1392136997674889200,1
1398711747628789800,2
1390814884246478800,1
1391739686763257900,0
1390721452614328300,1
1406676631620669400,1
1385151496594014200,0
1386202831439413200,1
1388449078904766500,2
1398595690780049400,2
1386906088868565e3,2
1392587464703873e3,0
1400874124239585300,2
1406917561632034800,2
1405870253029179400,0
1404956258021613600,0
1389325076856705e3,1
1403962606491156500,0
1397585475133706200,0
1406554133205852200,0
1393546363141427200,1
1385250799459111e3,1
1404026280501297200,1
1391852547367972900,0
1389568635635646500,1
1384190098825044e3,1
1390672907819495400,1
1387424776621334500,1
1393330533443129300,0
1394614637103095800,1
1395856010003329e3,2
1406528115581522e3,2
138919413819793e4,1
1385241419711979500,1
1406535675353120800,2
1390505251535458300,0
1391822986026573800,1
1384155069059268600,0
138532889198481e4,0
1391727123975577600,2
1394612845275406300,2
1384186925045608400,1
1385216483228360700,0
1398572002508775400,0
1391782910680776700,1
1384066374029365200,2
1393985589486276600,1
1389248034022871e3,2
1385175680506376200,0
1387070724427468800,1
1404888443855966200,0
1396073242805391400,2
1388447350004363300,1
1388389563706626e3,1
1391656705038106600,0
1389158747918979e3,0
1385124004697157600,0
1388584528076279800,0
1398696472787423200,1
1393119273732788200,2
1387450793284997e3,1
1389210487280345e3,2
1387042036377821200,0
1394615023121703e3,1
1404066176821432300,0
1385108964426363e3,1
1385297155070599200,1
1397644101873455e3,1
1390665656538996700,1
139440017846827e4,1
13990235412579e5,0
1390950453106651100,0
1387126573648711700,0
1400806203731677200,2
1385252516372394e3,1
1385219876479029200,1
1394334842284826600,1
1390746806741610500,0
1388470388208844800,1
1394521311129612300,1
1387017018319282200,2
1.4052053065740001e+018,1
1405603151210815500,2
1385252651630272500,2
1390569630083817500,0
1391646289180364800,1
1396750234189979600,2
1385339022810177500,0
1405121856735223800,0
1391795519513632800,0
1390515562669826e3,1
1387506767798603800,2
1393287475494260700,0
1387334099480756200,0
1391763992377442300,0
1385822420901183500,0
1389546037090599e3,0
1393980109267390500,0
1389564573167014e3,1
1406566078944268300,0
1392186223607914500,0
1391444045755469800,1
1392718909703327700,2
1387078366398976e3,2
1398934143094997e3,0
1388448149480644600,0
1404167943827624e3,0
1386938839428632600,2
1390675579184238600,1
1397578475222016e3,2
1396553811725062100,0
1391273704643088400,0
1386423298498523100,0
1402288483348123600,1
1393881697792442400,2
1391661086882021400,0
1384274278418321400,0
1403996481535754200,0
1384598878167748600,0
1406514593841754e3,2
1388608843987525600,1
1387095019224436700,0
1403960017552875500,0
1386993851110502400,1
1384466593695031300,1
1405175580581154800,2
1399392092556869600,2
1388818033930641400,0
1404009622009266200,0
1390959539793629200,1
1387325297234747400,1
1388572473898197e3,0
1396995475795071e3,1
1398568127437361200,2
1388423530103156700,1
1406589959709114400,0
1403957283911082e3,2
1404113374586286e3,1
1391458302463205400,0
1394028509157281800,0
1387437960757452800,1
1389654807208730600,2
1389206556248584200,2
1390633207884914700,0
1405190394179199e3,0
1389263870074802200,1
139425771518729e4,0
1402233534799097900,2
1388493214575956e3,0
1386943452689088500,1
1399283055420977200,0
1398643151766761500,0
1390626523275800600,1
139392922290167e4,1
1406570474751107e3,0
1394343649073377300,0
1393250951927144400,2
1406531528503566300,1
1390696722054189e3,0
1397262779036352500,2
1407053742533402600,1
1388627795765563400,1
1394624283779944400,2
1388523994144460800,1
1398583723860414500,2
1398953594821427200,2
1389471380626944e3,0
1388488673788899300,1
1400890488153124900,0
1389584655607816200,0
1388406165172801500,0
1385364037299495e3,2
1392750733188030500,2
1394386997242994700,1
1406571610761539600,2
1397581144988819500,0
1403961065877213200,1
1405076568003723300,0
1385634251023003600,1
1387398690525040600,1
1389557284729233400,1
1394612644330545200,2
1394562805009879e3,0
1386387388704989200,0
1398627550759374800,0
1389212853815726e3,1
1386960796924657700,2
1385340642130284500,2
1385360962979512300,0
1397961540104560600,1
1401471910098124800,2
1385341542966104e3,0
1391743912188985300,0
1385332706217795600,1
1386999084578492400,0
1392933636983431200,1
1394662488793301e3,1
1395431683785171e3,0
1384260062726606800,1
1389453625550852e3,1
1405117083696906200,2
1396033277866258400,1
1398529497587138600,0
1406539938494091300,2
1406553059124297700,1
1384039609902895e3,1
1391763417254531e3,0
1385499350030291e3,2
1391033310403604500,1
1394627005673623600,0
1385202932342214700,2
1391664204957065200,1
1385345104085463e3,1
1401078693800386600,2
1405835574225875e3,2
1387853772118954e3,0
1394962900352180200,1
1404040026762186800,0
1393085040544919600,0
1395857331628425200,2
1385372908625739800,2
1392849319322075100,1
1391869962252345300,1
1406596655307235300,0
1385212190173577200,0
1393654478184845300,2
1394294946866155500,2
1404032338644902e3,2
1391675843408187400,1
1388400643346419700,1
1385227281434611700,1
1397832997341220900,0
1403958300945879e3,0
138517933432397e4,1
1387003861865484300,2
1392777132330389500,0
1390541872851038200,1
1386909727599300600,0
1385592588661661700,0
1389261594656493600,1
1394923333196656600,2
1384199988327063600,0
1387184227163250700,1
138914920550409e4,2
1394345031096586200,2
1384178886393569300,0
1391880702526898200,0
1385297767233462300,0
1385381984248209400,1
1384243094032244700,1
1384112814546034700,0
1391052243131064300,0
1390690392316784600,1
1388553000294260700,1
1390747367683596300,1
1407020515252965400,0
1390967031877492700,1
1392879546538598400,0
1389496405539102700,1
1390695650153599e3,1
1387477728061018e3,2
1387173534083031e3,2
1385152022811451400,2
1387018221711237e3,2
1384192026556600300,1
1393614817353740300,0
1393562360191795200,2
1393508669191594e3,0
1388468550696898600,2
1388465655318519800,1
1387487132550303700,2
1394558333709914e3,1
1388636882221863e3,1
1386928540340433e3,1
1388368616127619e3,0
13985049301562e5,1
1388545501457485800,0
1388816981776867300,0
1391794699078443e3,0
140108218301252e4,0
1404050617354666e3,2
1388951583195607e3,2
1389091758865256400,0
1387723093435723800,2
1384029254136909800,1
1393981595716042800,2
1390599386749673500,1
1388151247040098300,0
1389630406153183200,0
1390658920906170400,2
139185945128038e4,1
1387122756366577700,1
1399020182102741e3,1
1394510808885842e3,0
1391455683917324300,0
1398631314526457900,2
1402186479070294e3,2
1404015150450020400,2
1406573137253257200,0
1389214833002827800,1
1391719953095659500,1
1.3862917235135201e+018,2
1384601080940662800,0
1406602292506284e3,1
1392227130575032300,1
13870650066473e5,1
1387133196194693e3,1
1387465457263943700,1
1400872842695151600,1
1406567831982968800,1
1391459331925856300,0
1391764011046289400,0
1389315104974454800,0
1394020442252398600,2
1391033066764783600,2
1387341560770072600,2
1397482284278861800,1
1387171418727669800,1
1388563716845801500,1
1389636400585355300,1
1390743954946154500,0
1387018993718923300,1
1394616173438832600,2
1393509684376649700,1
1393507528634470400,0
1393103377442254800,2
1394668918329987e3,1
1406550830157860900,0
1383993837341667300,0
1389720992256299e3,0
1389625624994660400,0
1391452381087477800,1
1397585095351996400,2
1389160529466470400,2
1406708061830533e3,0
1386953946212802600,1
1386403275273089e3,2
1385887923934015500,1
1397905729579782100,1
1384242612563939300,0
1391747566908452900,1
138529771013632e4,1
140658239567181e4,0
1392738801907294200,2
1385337445781282800,1
1394168330714505200,0
1390571487288041500,0
1387128261226995700,0
1387461244228194300,0
1399034623993299e3,1
1392129391396900900,0
1406553772990554e3,0
1398676509565624300,1
1387467087715635200,1
1400901269443780600,2
1405886940113670100,2
1386930410773487600,0
1387499702514503700,2
1387007659325395e3,0
1394184390255816700,2
1.3930908018618081e+018,1
1384101235498782700,2
1390575746435985400,1
1398687245712904200,0
1389228747245736e3,0
1406562775313301500,0
1384106736357810200,0
1391662516019810300,2
1389324821788565500,0
1391510493710495700,2
1391815514729631700,1
1398647248888676400,0
1386973815595483100,2
1394553000056615e3,2
1403988843867656200,0
1384104461195366400,1
1388578555840315400,1
1385880037820354600,1
1405191013736538e3,1
1406884845603766300,2
1385108152459436e3,1
1400714124691181600,0
1384070109149335600,1
1406555818460332e3,1
1388503318314561500,1
1404892636218019800,1
1389637523798954e3,1
1389702753765707800,1
1402931356116697e3,2
1390957364761727e3,2
1407213415031050200,0
1406563172601970700,1
1387139355278446600,0
1391627518894084e3,1
1390584136323133400,1
1394522006687727600,0
1396437747603234800,0
1403963879495975e3,0
1388597200868069400,2
1392922444164391e3,1
1391442426624192500,0
1392857149382987800,1
1406571705133379600,1
1389959104144285700,0
1399114667134439400,2
1385270730921844700,1
1391657580045418500,1
1384108694120456200,0
1396003237455597600,2
1385480297198796800,1
1392550074585133e3,1
1384567601611878400,1
1399085601077538800,2
1387186203133464600,1
1401922530395496400,0
1404094902573711400,0
1388447751885688800,0
1403957220086358e3,2
1389240251391041500,1
1385253791826645e3,0
1393236741272768500,0
1389430871472672800,1
1394008648335204400,0
1388283299383099400,1
1389305873160458200,0
1395794603660365800,0
1392225046542835700,0
1387449504065015800,0
1384270060714225700,0
1394383447137869800,1
1394341082733887500,1
1394298129248292900,2
1385353731999510500,0
1387164275156865e3,0
1390488908979445800,0
1388470071966802e3,1
1395872123164430300,2
1393085580892835800,0
1389263533012041700,2
1398603600578941e3,0
1386393681108770800,0
1392249766382379e3,1
1406017464610308e3,1
1388445240810430500,2
1390729345631666200,1
1391038574389305300,0
1385162996503154700,1
1384733916033167400,2
1387354176498327600,0
1387455115179737e3,1
1390982103161098200,2
1394340428472848400,0
1386910046093709300,0
1398689790791409700,0
1390638212117373e3,2
1406596707471741e3,0
1384647645524803600,0
1394390463956885500,1
1388643477290954800,1
1388569771067723800,0
1385190360847159300,1
1394641315149779e3,2
1405173134748270600,0
1399006510844416e3,0
1398527138240794600,0
1391262349231890400,0
1388502253271756800,1
1390474817413988400,2
1390686206447476700,0
1394099895007592400,1
